usajobsControlNumber,positionOpenDate,positionCloseDate,hiringAgencyName,hiringDepartmentName,occupationalSeries,announcementNumber,link
855359900,2026-01-23,2026-01-29,"Offices, Boards and Divisions",Department of Justice,0950,DE-12870947-26-BLC,https://www.usajobs.gov/job/855359900
855330700,2026-01-26,2026-07-24,Social Security Administration,Other Agencies and Independent Organizations,2210,SH12871114-26-DHA,https://www.usajobs.gov/job/855330700
855341900,2026-01-26,2026-07-24,Social Security Administration,Other Agencies and Independent Organizations,2210,SH12871342-26-DHA,https://www.usajobs.gov/job/855341900
855342800,2026-01-26,2026-07-24,Social Security Administration,Other Agencies and Independent Organizations,2210,SH12871142-26-DHA,https://www.usajobs.gov/job/855342800
856552100,2026-02-05,2026-08-04,Social Security Administration,Other Agencies and Independent Organizations,2210,SSA12876657-26-DHA-CIO,https://www.usajobs.gov/job/856552100
856629100,2026-02-06,2026-08-05,Social Security Administration,Other Agencies and Independent Organizations,2210,SSA12879164-26-DHA-CIO,https://www.usajobs.gov/job/856629100
856707700,2026-02-06,2026-08-05,Social Security Administration,Other Agencies and Independent Organizations,2210,SSA12879403-26-DHA-CIO,https://www.usajobs.gov/job/856707700
856720800,2026-02-06,2026-08-05,Social Security Administration,Other Agencies and Independent Organizations,2210,SSA12879163-26-DHA-CIO,https://www.usajobs.gov/job/856720800
856726500,2026-02-06,2026-08-05,Social Security Administration,Other Agencies and Independent Organizations,2210,SSA12876857-26-DHA-CIO,https://www.usajobs.gov/job/856726500
856787000,2026-02-06,2026-08-05,Social Security Administration,Other Agencies and Independent Organizations,2210,SSA12879364-26-DHA-CIO,https://www.usajobs.gov/job/856787000
858058400,2026-02-12,2026-03-19,Bureau of Prisons/Federal Prison System,Department of Justice,0060,CHAP-2026-0002,https://www.usajobs.gov/job/858058400
857515500,2026-02-12,2026-02-27,Federal Communications Commission,Other Agencies and Independent Organizations,0301,DEU-OMD-2026-002,https://www.usajobs.gov/job/857515500
857523200,2026-02-12,2026-03-02,Federal Communications Commission,Other Agencies and Independent Organizations,0201,MP-OMD-2026-001,https://www.usajobs.gov/job/857523200
857581400,2026-02-12,2026-03-09,Federal Communications Commission,Other Agencies and Independent Organizations,0510,DEU-OMD-2026-006,https://www.usajobs.gov/job/857581400
857694500,2026-02-13,2026-03-13,Federal Communications Commission,Other Agencies and Independent Organizations,0855,DEU-EB-2026-002,https://www.usajobs.gov/job/857694500
857713800,2026-02-17,2026-02-23,Federal Communications Commission,Other Agencies and Independent Organizations,0855,DEU-OET-2026-002,https://www.usajobs.gov/job/857713800
858904800,2026-02-25,2026-03-11,Bureau of Prisons/Federal Prison System,Department of Justice,0060,SCR-2026-0149,https://www.usajobs.gov/job/858904800
859611200,2026-03-03,2026-03-16,U.S. Census Bureau,Department of Commerce,1530,26-BOC-12894219-MP-BTE,https://www.usajobs.gov/job/859611200
859903500,2026-03-04,2026-03-19,Federal Communications Commission,Other Agencies and Independent Organizations,0560,DEU-OMD-2026-003,https://www.usajobs.gov/job/859903500
859667400,2026-03-04,2026-08-31,Social Security Administration,Other Agencies and Independent Organizations,2210,SSA12900535-26-DHA-CIO,https://www.usajobs.gov/job/859667400
859667500,2026-03-04,2026-08-31,Social Security Administration,Other Agencies and Independent Organizations,2210,SSA12901062-26-DHA-CIO,https://www.usajobs.gov/job/859667500
859683600,2026-03-04,2026-03-17,U.S. Census Bureau,Department of Commerce,2210,26-HRD-12891040-RG-JLW,https://www.usajobs.gov/job/859683600
859752100,2026-03-04,2026-03-17,U.S. Census Bureau,Department of Commerce,0343,26-HRD-12887992-RG-JLW,https://www.usajobs.gov/job/859752100
859872600,2026-03-04,2026-03-18,U.S. Census Bureau,Department of Commerce,1531,26-SPB-12901646-DE-DS,https://www.usajobs.gov/job/859872600
859750900,2026-03-05,2026-09-03,Social Security Administration,Other Agencies and Independent Organizations,2210,SSA12901349-DHA-CIO,https://www.usajobs.gov/job/859750900
859907200,2026-03-05,2026-09-03,Social Security Administration,Other Agencies and Independent Organizations,2210,SSA-12901003-26-DHA,https://www.usajobs.gov/job/859907200
859910100,2026-03-05,2026-09-03,Social Security Administration,Other Agencies and Independent Organizations,2210,SSA-12901926-26-CIO,https://www.usajobs.gov/job/859910100
859910400,2026-03-05,2026-09-03,Social Security Administration,Other Agencies and Independent Organizations,2210,SSA-12901781-26-CIO,https://www.usajobs.gov/job/859910400
859884600,2026-03-05,2026-09-03,Social Security Administration,Other Agencies and Independent Organizations,2210,SSA-129014010-26-DHA-CIO,https://www.usajobs.gov/job/859884600
860046900,2026-03-05,2026-03-19,U.S. Census Bureau,Department of Commerce,0343,26-BOC-12898408-ST-AW,https://www.usajobs.gov/job/860046900
859969400,2026-03-06,2026-03-20,Office of the Comptroller of the Currency,Department of the Treasury,2210,DH-HQ-WT-26-5474-12892285,https://www.usajobs.gov/job/859969400
860057400,2026-03-06,2026-09-04,Social Security Administration,Other Agencies and Independent Organizations,2210,SSA-12902978-26-DHA-CIO,https://www.usajobs.gov/job/860057400
860040900,2026-03-06,2026-09-04,Social Security Administration,Other Agencies and Independent Organizations,2210,SSA12902633-DHA-26-CIO,https://www.usajobs.gov/job/860040900
860062700,2026-03-06,2026-09-04,Social Security Administration,Other Agencies and Independent Organizations,2210,SSA12902318-DHA-26-CIO,https://www.usajobs.gov/job/860062700
860065800,2026-03-06,2026-09-04,Social Security Administration,Other Agencies and Independent Organizations,2210,SSA-12902608-DHA-26-CIO,https://www.usajobs.gov/job/860065800
860168700,2026-03-09,2026-09-04,Social Security Administration,Other Agencies and Independent Organizations,2210,SSA-12903604-DHA-26-CIO,https://www.usajobs.gov/job/860168700
860176400,2026-03-09,2026-09-04,Social Security Administration,Other Agencies and Independent Organizations,2210,SSA-129033733-DHA-26-CIO,https://www.usajobs.gov/job/860176400
860200700,2026-03-09,2026-09-04,Social Security Administration,Other Agencies and Independent Organizations,2210,SSA-12904275-DHA-26-CIO,https://www.usajobs.gov/job/860200700
860204700,2026-03-09,2026-09-04,Social Security Administration,Other Agencies and Independent Organizations,2210,SSA-12903720-DHA-26-CIO,https://www.usajobs.gov/job/860204700
860215700,2026-03-09,2026-09-04,Social Security Administration,Other Agencies and Independent Organizations,2210,SSA-12904023-DHA-26-CIO,https://www.usajobs.gov/job/860215700
860240500,2026-03-09,2026-09-04,Social Security Administration,Other Agencies and Independent Organizations,2210,SSA-12903500-DHA-26-CIO,https://www.usajobs.gov/job/860240500
860257100,2026-03-09,2026-09-04,Social Security Administration,Other Agencies and Independent Organizations,2210,SSA-12905084-DHA-26-CIO,https://www.usajobs.gov/job/860257100
860229600,2026-03-09,2026-09-04,Social Security Administration,Other Agencies and Independent Organizations,2210,SSA 12904808-DHA-26-CIO,https://www.usajobs.gov/job/860229600
860399100,2026-03-09,2026-03-23,U.S. Census Bureau,Department of Commerce,0343,26-BOC-12900966-ST-AW,https://www.usajobs.gov/job/860399100
860716300,2026-03-11,2026-03-17,"Commander, Navy Installations Command",Department of the Navy,0086,ST-12905860-26-LGP,https://www.usajobs.gov/job/860716300
860677700,2026-03-11,2026-03-23,Consumer Product Safety Commission,Other Agencies and Independent Organizations,1035,1600CM-2026-0001,https://www.usajobs.gov/job/860677700
860719600,2026-03-11,2026-03-25,Federal Communications Commission,Other Agencies and Independent Organizations,0301,DEU-OMD-2026-007,https://www.usajobs.gov/job/860719600
861112300,2026-03-13,2026-03-27,Development Finance Corporation,Other Agencies and Independent Organizations,2210,26-OIT-DE-12902145-MB,https://www.usajobs.gov/job/861112300
860968200,2026-03-13,2026-03-19,National Gallery of Art,Other Agencies and Independent Organizations,0303,NGA-26-048-NF,https://www.usajobs.gov/job/860968200
861041900,2026-03-16,2026-03-20,"Commander, Navy Installations Command",Department of the Navy,0081,ST-12908816-26-ESM,https://www.usajobs.gov/job/861041900
860563400,2026-03-16,2026-03-25,Consumer Product Safety Commission,Other Agencies and Independent Organizations,0950,3010CEL-2026-0002,https://www.usajobs.gov/job/860563400
861267200,2026-03-16,2026-03-20,"Offices, Boards and Divisions",Department of Justice,0303,26-OAAG-AP-007,https://www.usajobs.gov/job/861267200
861218500,2026-03-16,2026-09-11,Social Security Administration,Other Agencies and Independent Organizations,2210,SSA-12905796-26-DHA-CIO,https://www.usajobs.gov/job/861218500
861560100,2026-03-18,2026-04-08,National Gallery of Art,Other Agencies and Independent Organizations,1016,NGA-26-086-DE,https://www.usajobs.gov/job/861560100
861921300,2026-03-19,2026-09-30,Bureau of Prisons/Federal Prison System,Department of Justice,0060,CHAP-2026-0003,https://www.usajobs.gov/job/861921300
862106600,2026-03-23,2026-04-03,Development Finance Corporation,Other Agencies and Independent Organizations,1801,26-OIG-DE-12913515-KS,https://www.usajobs.gov/job/862106600
860998700,2026-03-23,2026-04-03,Social Security Administration,Other Agencies and Independent Organizations,1560,SSA-12908266-26-DHA-RQ,https://www.usajobs.gov/job/860998700
860995900,2026-03-23,2026-04-03,Social Security Administration,Other Agencies and Independent Organizations,1560,SSA-12907750-26-DHA-RQ,https://www.usajobs.gov/job/860995900
862040700,2026-03-23,2026-04-03,Social Security Administration,Other Agencies and Independent Organizations,0105,SSA-12910626-DHA26-RQ,https://www.usajobs.gov/job/862040700
862616600,2026-03-25,2026-04-06,Equal Employment Opportunity Commission,Other Agencies and Independent Organizations,1860,DE-12918766-26-RW,https://www.usajobs.gov/job/862616600
862771700,2026-03-26,2026-04-27,Federal Communications Commission,Other Agencies and Independent Organizations,0511,DEU-OIG-2026-001,https://www.usajobs.gov/job/862771700
862701100,2026-03-26,2026-04-16,National Gallery of Art,Other Agencies and Independent Organizations,0830,NGA-26-111-DE,https://www.usajobs.gov/job/862701100
862848600,2026-03-27,2026-04-30,Federal Communications Commission,Other Agencies and Independent Organizations,0854,PATHWAYS-FCC-2026-006,https://www.usajobs.gov/job/862848600
862849700,2026-03-27,2026-04-30,Federal Communications Commission,Other Agencies and Independent Organizations,0855,PATHWAYS-FCC-2026-001,https://www.usajobs.gov/job/862849700
862850500,2026-03-27,2026-04-30,Federal Communications Commission,Other Agencies and Independent Organizations,2210,PATHWAYS-FCC-2026-003,https://www.usajobs.gov/job/862850500
862851400,2026-03-27,2026-04-30,Federal Communications Commission,Other Agencies and Independent Organizations,1550,PATHWAYS-FCC-2026-005,https://www.usajobs.gov/job/862851400
862852900,2026-03-27,2026-04-17,Federal Communications Commission,Other Agencies and Independent Organizations,0110,PATHWAYS-OEA-2026-002,https://www.usajobs.gov/job/862852900
862854100,2026-03-27,2026-04-17,Federal Communications Commission,Other Agencies and Independent Organizations,0110,PATHWAYS-OEA-2026-001,https://www.usajobs.gov/job/862854100
863135400,2026-03-30,2026-04-08,Equal Employment Opportunity Commission,Other Agencies and Independent Organizations,1860,DE-12923951-26-MC,https://www.usajobs.gov/job/863135400
863385100,2026-03-31,2026-04-10,Equal Employment Opportunity Commission,Other Agencies and Independent Organizations,1802,DE-12908739-26-SM,https://www.usajobs.gov/job/863385100
863069800,2026-03-31,2026-04-06,Naval Intelligence Activity,Department of the Navy,2210,ST-12923752-26-KEK,https://www.usajobs.gov/job/863069800
863194200,2026-04-01,2026-04-10,Federal Highway Administration,Department of Transportation,0028,FHWA.CFL-2026-0001,https://www.usajobs.gov/job/863194200
863534700,2026-04-01,2026-04-02,Office of the Inspector General,Department of Justice,0343,RG-12926795-26-JS,https://www.usajobs.gov/job/863534700
863581900,2026-04-02,2026-04-22,Development Finance Corporation,Other Agencies and Independent Organizations,0301,26-ODP-DE-12923363-BN,https://www.usajobs.gov/job/863581900
863766900,2026-04-02,2026-04-14,Equal Employment Opportunity Commission,Other Agencies and Independent Organizations,1802,DE-12927312-26-SM,https://www.usajobs.gov/job/863766900
863649000,2026-04-02,2026-04-30,Federal Communications Commission,Other Agencies and Independent Organizations,0511,DEU-OIG-2026-002,https://www.usajobs.gov/job/863649000
863846900,2026-04-03,2026-04-13,Federal Highway Administration,Department of Transportation,0810,FHWA.EFL-2026-0002,https://www.usajobs.gov/job/863846900
863599300,2026-04-03,2026-04-10,National Gallery of Art,Other Agencies and Independent Organizations,1016,NGA-26-065-DE,https://www.usajobs.gov/job/863599300
863916200,2026-04-03,2026-04-24,Office of the Inspector General,Department of Justice,0343,RG-12929575-26-JS,https://www.usajobs.gov/job/863916200
864200900,2026-04-08,2026-04-24,Federal Highway Administration,Department of Transportation,0810,FHWA.EFL-2026-0006,https://www.usajobs.gov/job/864200900
864303200,2026-04-08,2026-10-08,Federal Highway Administration,Department of Transportation,0810,FHWA.CFL-2026-0005,https://www.usajobs.gov/job/864303200
864328800,2026-04-08,2026-04-21,Federal Highway Administration,Department of Transportation,0501,FHWA.FO-2026-0004,https://www.usajobs.gov/job/864328800
864316400,2026-04-08,2026-04-21,Office of the Secretary of Transportation,Department of Transportation,0560,OST.B-2026-0002,https://www.usajobs.gov/job/864316400
864512400,2026-04-09,2026-04-20,Federal Highway Administration,Department of Transportation,0810,FHWA.EFL-2026-0010,https://www.usajobs.gov/job/864512400
864405500,2026-04-09,2026-04-20,Federal Highway Administration,Department of Transportation,0810,FHWA.EFL-2026-0008,https://www.usajobs.gov/job/864405500
864443800,2026-04-09,2026-04-20,Federal Highway Administration,Department of Transportation,0501,FHWA.CFL-2026-0004,https://www.usajobs.gov/job/864443800
864483900,2026-04-09,2026-10-06,Federal Highway Administration,Department of Transportation,0810,FHWA.CFL-2026-0003,https://www.usajobs.gov/job/864483900
864335400,2026-04-09,2026-04-23,Other Agencies and Independent Organizations,Department of Transportation,0560,OST.B-2026-0003,https://www.usajobs.gov/job/864335400
864848400,2026-04-10,2026-04-20,Executive Office for Immigration Review,Department of Justice,0986,DE-12934273-26-RA,https://www.usajobs.gov/job/864848400
864848200,2026-04-10,2026-04-20,Executive Office for Immigration Review,Department of Justice,0901,DE-12934796-26-RA,https://www.usajobs.gov/job/864848200
864585500,2026-04-10,2026-05-01,Federal Highway Administration,Department of Transportation,0501,FHWA.FO-2026-0002,https://www.usajobs.gov/job/864585500
864658100,2026-04-10,2026-04-23,Federal Highway Administration,Department of Transportation,0340,FHWA.WFL-2026-0003,https://www.usajobs.gov/job/864658100
864665200,2026-04-10,2026-10-09,Federal Highway Administration,Department of Transportation,0810,FHWA.CFL-2026-0007,https://www.usajobs.gov/job/864665200
864184800,2026-04-10,2026-04-16,National Endowment for the Arts,National Foundation on the Arts and the Humanities,2210,DE-12928591-26-CC,https://www.usajobs.gov/job/864184800
864729700,2026-04-10,2026-04-24,National Gallery of Art,Other Agencies and Independent Organizations,0437,NGA-26-123-DE,https://www.usajobs.gov/job/864729700
864788900,2026-04-10,2026-04-15,Social Security Administration,Other Agencies and Independent Organizations,2210,SSA-12930943-DHA-26-CIO,https://www.usajobs.gov/job/864788900
864852200,2026-04-13,2026-04-27,National Gallery of Art,Other Agencies and Independent Organizations,0085,NGA-26-140-DE,https://www.usajobs.gov/job/864852200
864852400,2026-04-13,2026-04-27,National Gallery of Art,Other Agencies and Independent Organizations,1670,NGA-26-117-DE,https://www.usajobs.gov/job/864852400
864892400,2026-04-13,2026-04-17,National Gallery of Art,Other Agencies and Independent Organizations,0343,NGA-26-053-DE,https://www.usajobs.gov/job/864892400
865047800,2026-04-14,2026-04-21,Equal Employment Opportunity Commission,Other Agencies and Independent Organizations,0301,DE-12933339-26-JB,https://www.usajobs.gov/job/865047800
864932500,2026-04-14,2026-04-28,Federal Highway Administration,Department of Transportation,0501,FHWA.FO-2026-0003,https://www.usajobs.gov/job/864932500
865103900,2026-04-14,2026-04-23,Federal Highway Administration,Department of Transportation,0501,FHWA.WFL-2026-0005,https://www.usajobs.gov/job/865103900
865329400,2026-04-15,2026-05-18,Federal Communications Commission,Other Agencies and Independent Organizations,0511,DEU-OIG-2026-003,https://www.usajobs.gov/job/865329400
865226100,2026-04-15,2026-04-24,Federal Highway Administration,Department of Transportation,2101,FHWA.HFL-2026-0003,https://www.usajobs.gov/job/865226100
865188800,2026-04-15,2026-10-12,Social Security Administration,Other Agencies and Independent Organizations,2210,SSA-12925792-DHA-26-CIO,https://www.usajobs.gov/job/865188800
865155700,2026-04-15,2026-10-12,Social Security Administration,Other Agencies and Independent Organizations,2210,SSA-12932184-DHA-26-CIO,https://www.usajobs.gov/job/865155700
865142100,2026-04-15,2026-10-12,Social Security Administration,Other Agencies and Independent Organizations,2210,SSA-12931880-DHA-26-CIO,https://www.usajobs.gov/job/865142100
865485200,2026-04-16,2026-05-18,Federal Communications Commission,Other Agencies and Independent Organizations,0511,DEU-OIG-2026-004,https://www.usajobs.gov/job/865485200
865245800,2026-04-16,2026-04-27,Federal Highway Administration,Department of Transportation,0810,FHWA.WFL-2026-0004,https://www.usajobs.gov/job/865245800
865271300,2026-04-16,2026-04-29,Federal Highway Administration,Department of Transportation,2101,FHWA.HPL-2026-0003,https://www.usajobs.gov/job/865271300
865315600,2026-04-16,2026-10-13,Social Security Administration,Other Agencies and Independent Organizations,2210,SSA 12929257-26-DHA-CIO,https://www.usajobs.gov/job/865315600
865420200,2026-04-16,2026-10-13,Social Security Administration,Other Agencies and Independent Organizations,2210,SSA-12916708-26-DHA-CIO,https://www.usajobs.gov/job/865420200
865604700,2026-04-17,2026-04-30,Consumer Product Safety Commission,Other Agencies and Independent Organizations,2210,2441TSNE-2026-0001,https://www.usajobs.gov/job/865604700
865656000,2026-04-17,2026-05-01,Federal Communications Commission,Other Agencies and Independent Organizations,0301,DEU-CGB-2026-001,https://www.usajobs.gov/job/865656000
865564100,2026-04-17,2026-07-17,Western Area Power Administration,Department of Energy,0510,26-WA-00485-12932904-DE,https://www.usajobs.gov/job/865564100
866053700,2026-04-20,2026-05-04,Executive Office for Immigration Review,Department of Justice,0501,DE-12941126-26-RA,https://www.usajobs.gov/job/866053700
865922400,2026-04-20,2026-05-15,Federal Communications Commission,Other Agencies and Independent Organizations,0510,DEU-OMD-2026-004,https://www.usajobs.gov/job/865922400
865679700,2026-04-20,2026-05-04,Federal Highway Administration,Department of Transportation,2101,FHWA.HPL-2026-0005,https://www.usajobs.gov/job/865679700
865765800,2026-04-20,2026-04-24,Maritime Administration,Department of Transportation,0343,MARAD.MMA-2026-0037,https://www.usajobs.gov/job/865765800
865993300,2026-04-20,2026-05-01,National Gallery of Art,Other Agencies and Independent Organizations,1101,NGA-26-059-DE,https://www.usajobs.gov/job/865993300
865858500,2026-04-20,2026-05-08,National Gallery of Art,Other Agencies and Independent Organizations,1101,NGA-26-058-DE,https://www.usajobs.gov/job/865858500
865739300,2026-04-20,2026-04-24,United States Fleet Forces Command,Department of the Navy,2854,ST-12936703-26-BMB,https://www.usajobs.gov/job/865739300
865944500,2026-04-20,2026-04-24,Veterans Health Administration,Department of Veterans Affairs,2003,CBTF-12941231-26-LB,https://www.usajobs.gov/job/865944500
865979200,2026-04-21,2026-10-19,Federal Highway Administration,Department of Transportation,0810,FHWA.CFL-2026-0008,https://www.usajobs.gov/job/865979200
866037700,2026-04-21,2026-05-05,National Gallery of Art,Other Agencies and Independent Organizations,1016,NGA-26-089-NF,https://www.usajobs.gov/job/866037700
866038800,2026-04-21,2026-05-05,National Gallery of Art,Other Agencies and Independent Organizations,1016,NGA-26-089-DE,https://www.usajobs.gov/job/866038800
866034100,2026-04-21,2026-05-05,National Gallery of Art,Other Agencies and Independent Organizations,0085,NGA-26-141-DE,https://www.usajobs.gov/job/866034100
865888400,2026-04-21,2026-05-12,National Institute of Standards and Technology,Department of Commerce,0809,OFPM-194-26-12937953-AS,https://www.usajobs.gov/job/865888400
865697700,2026-04-22,2026-05-05,Federal Highway Administration,Department of Transportation,2101,FHWA.HPL-2026-0002,https://www.usajobs.gov/job/865697700
866107100,2026-04-22,2026-05-13,Federal Highway Administration,Department of Transportation,0501,FHWA.CFL-2026-0012,https://www.usajobs.gov/job/866107100
866179800,2026-04-22,2026-05-08,Office of the Secretary of Transportation,Department of Transportation,0801,OST.RVOLPE-2026-0008,https://www.usajobs.gov/job/866179800
866164700,2026-04-22,2026-05-01,Veterans Health Administration,Department of Veterans Affairs,0341,CBTF-12941681-26-KS,https://www.usajobs.gov/job/866164700
866169300,2026-04-22,2026-04-30,Veterans Health Administration,Department of Veterans Affairs,0301,CBTF-12939908-26-ED,https://www.usajobs.gov/job/866169300
866191800,2026-04-22,2026-05-01,Veterans Health Administration,Department of Veterans Affairs,0301,CBTF-12942388-26-KS,https://www.usajobs.gov/job/866191800
866129300,2026-04-22,2026-05-01,Western Area Power Administration,Department of Energy,1101,26-WG-00519-12942983-DE,https://www.usajobs.gov/job/866129300
866240200,2026-04-23,2026-05-06,Development Finance Corporation,Other Agencies and Independent Organizations,0080,26-OCPO-DE-12942236-BN,https://www.usajobs.gov/job/866240200
866467100,2026-04-23,2026-05-07,Federal Communications Commission,Other Agencies and Independent Organizations,0301,DEU-OEA-2026-001,https://www.usajobs.gov/job/866467100
866321500,2026-04-23,2026-05-21,Federal Highway Administration,Department of Transportation,0810,FHWA.HAD-2026-0004,https://www.usajobs.gov/job/866321500
866322100,2026-04-23,2026-05-21,Federal Highway Administration,Department of Transportation,0020,FHWA.HAD-2026-0005,https://www.usajobs.gov/job/866322100
866322600,2026-04-23,2026-05-21,Federal Highway Administration,Department of Transportation,0501,FHWA.HAD-2026-0006,https://www.usajobs.gov/job/866322600
866327000,2026-04-23,2026-05-07,National Institute of Standards and Technology,Department of Commerce,2010,OFPM-192-26-12944081-AS,https://www.usajobs.gov/job/866327000
866478500,2026-04-23,2026-05-06,Veterans Health Administration,Department of Veterans Affairs,0080,CBTF-12941336-26-CJ,https://www.usajobs.gov/job/866478500
866437300,2026-04-23,2026-05-01,Veterans Health Administration,Department of Veterans Affairs,0301,CBTF-12945148-26-ED,https://www.usajobs.gov/job/866437300
866407400,2026-04-23,2026-05-04,Western Area Power Administration,Department of Energy,0850 | 0855,26-WA-00412-12942190-DE,https://www.usajobs.gov/job/866407400
866499500,2026-04-24,2026-05-08,Federal Highway Administration,Department of Transportation,2101,FHWA.HPL-2026-0002,https://www.usajobs.gov/job/866499500
866358000,2026-04-24,2026-10-23,Federal Highway Administration,Department of Transportation,0810,FHWA.CFL-2026-0009,https://www.usajobs.gov/job/866358000
866367400,2026-04-24,2026-05-14,Federal Highway Administration,Department of Transportation,0801,FHWA.HRT-2026-0001,https://www.usajobs.gov/job/866367400
866652800,2026-04-24,2026-04-27,Federal Transit Administration,Department of Transportation,0801,FTA.RO-2026-0009,https://www.usajobs.gov/job/866652800
866649500,2026-04-24,2026-05-08,Federal Transit Administration,Department of Transportation,0343,FTA.TSO-2026-0010,https://www.usajobs.gov/job/866649500
866590600,2026-04-24,2026-05-01,National Gallery of Art,Other Agencies and Independent Organizations,1016,NGA-26-135-DE,https://www.usajobs.gov/job/866590600
866535300,2026-04-24,2026-05-13,National Institute of Standards and Technology,Department of Commerce,0802,OFPM-193-26-12944449-AS,https://www.usajobs.gov/job/866535300
866443500,2026-04-27,2026-05-08,Development Finance Corporation,Other Agencies and Independent Organizations,0301,26-ODP-DE-12939639-BN,https://www.usajobs.gov/job/866443500
866760400,2026-04-27,2026-05-11,Executive Office for Immigration Review,Department of Justice,0501,DE-12944337-26-RA,https://www.usajobs.gov/job/866760400
866884700,2026-04-27,2026-10-06,Federal Highway Administration,Department of Transportation,0810,FHWA-2026-0002,https://www.usajobs.gov/job/866884700
865963800,2026-04-27,2026-05-05,National Endowment for the Arts,National Foundation on the Arts and the Humanities,2210,DE-12939836-26-JC,https://www.usajobs.gov/job/865963800
866553000,2026-04-27,2026-05-05,National Endowment for the Arts,National Foundation on the Arts and the Humanities,1102,DE-12935188-26-JC,https://www.usajobs.gov/job/866553000
866828700,2026-04-27,2026-05-20,Office of the Comptroller of the Currency,Department of the Treasury,0570,EXT-LJ-26-5478-12945496,https://www.usajobs.gov/job/866828700
866679400,2026-04-27,2026-05-05,Veterans Health Administration,Department of Veterans Affairs,2102,CBTF-12941171-26-ED,https://www.usajobs.gov/job/866679400
866751600,2026-04-27,2026-05-05,Veterans Health Administration,Department of Veterans Affairs,2010,CBTF-12946339-26-ED,https://www.usajobs.gov/job/866751600
866854600,2026-04-28,2026-05-11,Federal Transit Administration,Department of Transportation,0343,FTA.TSO-2026-0008,https://www.usajobs.gov/job/866854600
866932700,2026-04-28,2026-05-11,Federal Transit Administration,Department of Transportation,0801,FTA.RO-2026-0010,https://www.usajobs.gov/job/866932700
866953500,2026-04-28,2026-05-11,Federal Transit Administration,Department of Transportation,0340,FTA.RO-2026-0007,https://www.usajobs.gov/job/866953500
867018900,2026-04-28,2026-05-11,Federal Transit Administration,Department of Transportation,0340,FTA.RO-2026-0011,https://www.usajobs.gov/job/867018900
867163000,2026-04-29,2026-05-06,Bureau of the Fiscal Service,Department of the Treasury,0510,26-FS-12948156-P,https://www.usajobs.gov/job/867163000
866924400,2026-04-29,2026-05-06,Development Finance Corporation,Other Agencies and Independent Organizations,2210,26-OIT-DE-12942644-MB,https://www.usajobs.gov/job/866924400
867061800,2026-04-29,2026-05-05,Federal Highway Administration,Department of Transportation,0028,FHWA.CFL-2026-0015,https://www.usajobs.gov/job/867061800
867253300,2026-04-29,2026-05-13,Federal Highway Administration,Department of Transportation,1560,FHWA.HRT-2026-0002,https://www.usajobs.gov/job/867253300
867280300,2026-04-29,2026-05-14,"Treasury, Departmental Offices",Department of the Treasury,0301,26-DO-12949007-P,https://www.usajobs.gov/job/867280300
867283000,2026-04-29,2026-05-14,"Treasury, Departmental Offices",Department of the Treasury,0301,26-DO-12949006-P,https://www.usajobs.gov/job/867283000
865459300,2026-04-30,2026-05-01,Federal Communications Commission,Other Agencies and Independent Organizations,0343,fcc-test-2026-002,https://www.usajobs.gov/job/865459300
865471700,2026-04-30,2026-05-01,Federal Communications Commission,Other Agencies and Independent Organizations,0343,fcc-test-2026-002,https://www.usajobs.gov/job/865471700
867188000,2026-04-30,2026-05-11,Federal Highway Administration,Department of Transportation,0810,FHWA.EFL-2026-0013,https://www.usajobs.gov/job/867188000
867237700,2026-04-30,2026-05-13,Federal Transit Administration,Department of Transportation,2101,FTA.R3-2026-0001,https://www.usajobs.gov/job/867237700
867240700,2026-04-30,2026-05-13,Federal Transit Administration,Department of Transportation,2101,FTA.R10-2026-0001,https://www.usajobs.gov/job/867240700
867389300,2026-05-01,2026-05-19,Federal Highway Administration,Department of Transportation,0810,FHWA.HIF-2026-0003,https://www.usajobs.gov/job/867389300
867518300,2026-05-01,2026-05-26,Federal Highway Administration,Department of Transportation,0810,FHWA.CFL-2026-0014,https://www.usajobs.gov/job/867518300
867382400,2026-05-01,2026-05-19,Federal Highway Administration,Department of Transportation,0810,FHWA.HIF-2026-0004,https://www.usajobs.gov/job/867382400
867582400,2026-05-01,2026-07-30,Federal Railroad Administration,Department of Transportation,2121,FRA.DH-2026-0001,https://www.usajobs.gov/job/867582400
867584000,2026-05-01,2026-07-30,Federal Railroad Administration,Department of Transportation,2121,FRA.DH-2026-0002,https://www.usajobs.gov/job/867584000
867568700,2026-05-01,2026-05-11,Western Area Power Administration,Department of Energy,0850,26-WJ-00525-12946900-DE,https://www.usajobs.gov/job/867568700
867619600,2026-05-04,2026-05-08,Social Security Administration,Other Agencies and Independent Organizations,1102,SSA-12947791-DHA26-FM,https://www.usajobs.gov/job/867619600
867692300,2026-05-04,2026-05-18,"Treasury, Departmental Offices",Department of the Treasury,0301,26-DO-12950805-P,https://www.usajobs.gov/job/867692300
867878900,2026-05-05,2026-05-06,Federal Transit Administration,Department of Transportation,2101,FTA.TSO-2026-0007,https://www.usajobs.gov/job/867878900
867962500,2026-05-05,2026-05-19,Other Agencies and Independent Organizations,Court Services and Offender Supervision Agency for DC,0306,OGC-26-12953506-DE-VW,https://www.usajobs.gov/job/867962500
867771800,2026-05-05,2026-05-18,"Treasury, Departmental Offices",Department of the Treasury,0301,26-DO-12950790-P,https://www.usajobs.gov/job/867771800
868102900,2026-05-06,2026-05-19,Federal Transit Administration,Department of Transportation,0801,FTA.TPM-2026-0002,https://www.usajobs.gov/job/868102900
868431400,2026-05-08,2026-05-22,National Gallery of Art,Other Agencies and Independent Organizations,1016,NGA-26-045-DE,https://www.usajobs.gov/job/868431400
868650400,2026-05-08,2026-05-13,National Labor Relations Board,Other Agencies and Independent Organizations,0501,NL26DE12956158ZA,https://www.usajobs.gov/job/868650400
868482700,2026-05-08,2026-05-18,Office of the Inspector General for Tax Administration,Department of the Treasury,2210,26-TIGTA-12953291-P,https://www.usajobs.gov/job/868482700
868398900,2026-05-08,2026-06-02,Social Security Administration,Other Agencies and Independent Organizations,0105,SSA-12953308-DHA-26-FO,https://www.usajobs.gov/job/868398900
868400000,2026-05-08,2026-06-02,Social Security Administration,Other Agencies and Independent Organizations,0105,SSA-12953093-DHA-26-FO,https://www.usajobs.gov/job/868400000
868403100,2026-05-08,2026-06-02,Social Security Administration,Other Agencies and Independent Organizations,0105,SSA-12952638-DHA-26-FO,https://www.usajobs.gov/job/868403100
868444200,2026-05-08,2026-06-02,Social Security Administration,Other Agencies and Independent Organizations,0105,SSA-12952891-DHA-26-FO,https://www.usajobs.gov/job/868444200
868445400,2026-05-08,2026-06-02,Social Security Administration,Other Agencies and Independent Organizations,0962,SSA-12952669-DHA-26-FO,https://www.usajobs.gov/job/868445400
868445600,2026-05-08,2026-06-02,Social Security Administration,Other Agencies and Independent Organizations,0962,SSA-12949934-DHA-26-FO,https://www.usajobs.gov/job/868445600
868461900,2026-05-08,2026-06-02,Social Security Administration,Other Agencies and Independent Organizations,0105,SSA-12953469-DHA-26-FO,https://www.usajobs.gov/job/868461900
868294900,2026-05-08,2026-05-18,"Treasury, Departmental Offices",Department of the Treasury,1654,26-DO-12951815,https://www.usajobs.gov/job/868294900
868469400,2026-05-11,2026-05-15,"Commander, Navy Installations Command",Department of the Navy,0081,ST-12957128-26-ESM,https://www.usajobs.gov/job/868469400
868676800,2026-05-11,2026-05-14,Veterans Health Administration,Department of Veterans Affairs,1101,CBTF-12954845-26-LB,https://www.usajobs.gov/job/868676800
868739100,2026-05-11,2026-05-26,Western Area Power Administration,Department of Energy,0850 | 0855,26-WA-00527-12957498-DE,https://www.usajobs.gov/job/868739100
868544100,2026-05-12,2026-05-21,Bureau of the Fiscal Service,Department of the Treasury,0511,26-FS-12950367-P,https://www.usajobs.gov/job/868544100
868706100,2026-05-12,2026-06-04,Federal Railroad Administration,Department of Transportation,2121,FRA.GX-2026-0001,https://www.usajobs.gov/job/868706100
868706700,2026-05-12,2026-06-04,Federal Railroad Administration,Department of Transportation,2121,FRA.OP-2026-0001,https://www.usajobs.gov/job/868706700
868835800,2026-05-12,2026-05-26,National Institute of Standards and Technology,Department of Commerce,1640,OFPM-193-26-12958083-AS,https://www.usajobs.gov/job/868835800
868672800,2026-05-12,2026-05-18,Naval Facilities Engineering Systems Command,Department of the Navy,5408,ST-12955701-26-CJS,https://www.usajobs.gov/job/868672800
868901800,2026-05-13,2026-05-19,Naval Facilities Engineering Systems Command,Department of the Navy,4749,ST-12957331-26-CJS,https://www.usajobs.gov/job/868901800
868923300,2026-05-13,2026-05-27,"Treasury, Departmental Offices",Department of the Treasury,0301,26-DO-12955990-P,https://www.usajobs.gov/job/868923300
868942500,2026-05-13,2026-05-27,"Treasury, Departmental Offices",Department of the Treasury,0301,26-DO-12937411,https://www.usajobs.gov/job/868942500
869294300,2026-05-14,2026-05-21,National Gallery of Art,Other Agencies and Independent Organizations,1001,NGA-26-171-DE,https://www.usajobs.gov/job/869294300
869281400,2026-05-14,2026-05-28,National Gallery of Art,Other Agencies and Independent Organizations,1016,NGA-26-155-DE,https://www.usajobs.gov/job/869281400
869459700,2026-05-14,2026-05-19,National Labor Relations Board,Other Agencies and Independent Organizations,0510,NL26EX12957426ZA,https://www.usajobs.gov/job/869459700
869345700,2026-05-14,2026-05-20,National Labor Relations Board,Other Agencies and Independent Organizations,0511,NL26DE12960428BJ,https://www.usajobs.gov/job/869345700
869355200,2026-05-14,2026-05-20,National Labor Relations Board,Other Agencies and Independent Organizations,1810,NL26DE12960088BJ,https://www.usajobs.gov/job/869355200
869363900,2026-05-14,2026-05-18,National Labor Relations Board,Other Agencies and Independent Organizations,0950,NL26DE12960728BJ,https://www.usajobs.gov/job/869363900
869456700,2026-05-14,2026-05-19,National Labor Relations Board,Other Agencies and Independent Organizations,0505,NL26DE12959412ZA,https://www.usajobs.gov/job/869456700
869468100,2026-05-14,2026-05-21,National Labor Relations Board,Other Agencies and Independent Organizations,0905,NL26EX12956059CF,https://www.usajobs.gov/job/869468100
869468300,2026-05-14,2026-05-21,National Labor Relations Board,Other Agencies and Independent Organizations,0905,NL26EX12956148CF,https://www.usajobs.gov/job/869468300
869468400,2026-05-14,2026-05-21,National Labor Relations Board,Other Agencies and Independent Organizations,0905,NL26EX12956189CF,https://www.usajobs.gov/job/869468400
869468500,2026-05-14,2026-05-21,National Labor Relations Board,Other Agencies and Independent Organizations,0905,NL26EX12957496CF,https://www.usajobs.gov/job/869468500
869468700,2026-05-14,2026-05-21,National Labor Relations Board,Other Agencies and Independent Organizations,0904,NL26EX12959541CF,https://www.usajobs.gov/job/869468700
869231600,2026-05-14,2026-05-18,Social Security Administration,Other Agencies and Independent Organizations,0105,SSA-12960241-DHA-26-CP,https://www.usajobs.gov/job/869231600
869417900,2026-05-15,2026-05-21,Other Agencies and Independent Organizations,Department of Energy,2210,26-IG-12956070-DE-DV,https://www.usajobs.gov/job/869417900
869542300,2026-05-15,2026-05-22,Other Agencies and Independent Organizations,Department of Energy,0201,26-WA-00636-12964394-DE,https://www.usajobs.gov/job/869542300
869581600,2026-05-18,2026-05-27,National Institute of Standards and Technology,Department of Commerce,0018,OSHE-153-26-12957083-AS,https://www.usajobs.gov/job/869581600
869705700,2026-05-18,2026-06-01,Other Agencies and Independent Organizations,Court Services and Offender Supervision Agency for DC,0203,OHR-26-12964892-DE-VW,https://www.usajobs.gov/job/869705700
869750200,2026-05-18,2026-06-02,"Treasury, Departmental Offices",Department of the Treasury,0301,26-DO-12946200-P,https://www.usajobs.gov/job/869750200
869870700,2026-05-19,2026-08-17,Federal Railroad Administration,Department of Transportation,2121,FRA.DH-2026-0004,https://www.usajobs.gov/job/869870700
869938900,2026-05-19,2026-07-27,National Gallery of Art,Other Agencies and Independent Organizations,4605,NGA-26-181A-DE,https://www.usajobs.gov/job/869938900
869976600,2026-05-19,2026-05-27,National Labor Relations Board,Other Agencies and Independent Organizations,0905,NL26EX12965818CF,https://www.usajobs.gov/job/869976600
869864900,2026-05-19,2026-05-23,Social Security Administration,Other Agencies and Independent Organizations,0105,SSA-12964964-DHA-26-CP,https://www.usajobs.gov/job/869864900
870114500,2026-05-20,2026-05-22,Equal Employment Opportunity Commission,Other Agencies and Independent Organizations,0399,DE-12962478-26-AH,https://www.usajobs.gov/job/870114500
870314900,2026-05-21,2026-05-29,National Labor Relations Board,Other Agencies and Independent Organizations,0244,NL26DE12969335KR,https://www.usajobs.gov/job/870314900
870325100,2026-05-21,2026-05-29,National Labor Relations Board,Other Agencies and Independent Organizations,0244,NL26DE12969392KR,https://www.usajobs.gov/job/870325100
870337000,2026-05-21,2026-05-29,National Labor Relations Board,Other Agencies and Independent Organizations,0244,NL26DE12969459KR,https://www.usajobs.gov/job/870337000
870342800,2026-05-21,2026-05-29,National Labor Relations Board,Other Agencies and Independent Organizations,0244,NL26DE12969520KR,https://www.usajobs.gov/job/870342800
870345000,2026-05-21,2026-05-27,National Labor Relations Board,Other Agencies and Independent Organizations,0501,NL26DE12967719ZA,https://www.usajobs.gov/job/870345000
870348800,2026-05-21,2026-05-29,National Labor Relations Board,Other Agencies and Independent Organizations,0244,NL26DE12969566KR,https://www.usajobs.gov/job/870348800
870352100,2026-05-21,2026-05-29,National Labor Relations Board,Other Agencies and Independent Organizations,0244,NL26DE12969588KR,https://www.usajobs.gov/job/870352100
870354600,2026-05-21,2026-05-29,National Labor Relations Board,Other Agencies and Independent Organizations,0905,NL26EX12969530NC,https://www.usajobs.gov/job/870354600
870354700,2026-05-21,2026-05-29,National Labor Relations Board,Other Agencies and Independent Organizations,0905,NL26EX12969595NC,https://www.usajobs.gov/job/870354700
870354800,2026-05-21,2026-05-29,National Labor Relations Board,Other Agencies and Independent Organizations,0244,NL26DE12967401KR,https://www.usajobs.gov/job/870354800
870354900,2026-05-21,2026-05-29,National Labor Relations Board,Other Agencies and Independent Organizations,0244,NL26DE12967874KR,https://www.usajobs.gov/job/870354900
870355000,2026-05-21,2026-05-29,National Labor Relations Board,Other Agencies and Independent Organizations,0244,NL26DE12969340ZA,https://www.usajobs.gov/job/870355000
870355100,2026-05-21,2026-05-29,National Labor Relations Board,Other Agencies and Independent Organizations,0244,NL26DE12969568ZA,https://www.usajobs.gov/job/870355100
870355400,2026-05-21,2026-05-29,National Labor Relations Board,Other Agencies and Independent Organizations,0244,NL26DE12969542ZA,https://www.usajobs.gov/job/870355400
870355700,2026-05-21,2026-05-29,National Labor Relations Board,Other Agencies and Independent Organizations,0244,NL26DE12969597ZA,https://www.usajobs.gov/job/870355700
870355800,2026-05-21,2026-05-29,National Labor Relations Board,Other Agencies and Independent Organizations,0244,NL26DE12969463ZA,https://www.usajobs.gov/job/870355800
870355900,2026-05-21,2026-05-29,National Labor Relations Board,Other Agencies and Independent Organizations,0244,NL26DE12969574ZA,https://www.usajobs.gov/job/870355900
870356000,2026-05-21,2026-05-29,National Labor Relations Board,Other Agencies and Independent Organizations,0244,NL26DE12969487ZA,https://www.usajobs.gov/job/870356000
870356200,2026-05-21,2026-05-29,National Labor Relations Board,Other Agencies and Independent Organizations,0244,NL26DE12969581ZA,https://www.usajobs.gov/job/870356200
870356300,2026-05-21,2026-05-29,National Labor Relations Board,Other Agencies and Independent Organizations,0244,NL26DE12969523ZA,https://www.usajobs.gov/job/870356300
870356400,2026-05-21,2026-05-29,National Labor Relations Board,Other Agencies and Independent Organizations,0244,NL26DE12969592ZA,https://www.usajobs.gov/job/870356400
870356600,2026-05-21,2026-05-29,National Labor Relations Board,Other Agencies and Independent Organizations,0905,NL26EX12967390KR,https://www.usajobs.gov/job/870356600
870358400,2026-05-21,2026-05-29,National Labor Relations Board,Other Agencies and Independent Organizations,0905,NL26EX12968513KR,https://www.usajobs.gov/job/870358400
870359000,2026-05-21,2026-05-29,National Labor Relations Board,Other Agencies and Independent Organizations,0905,NL26EX12968514KR,https://www.usajobs.gov/job/870359000
870359500,2026-05-21,2026-05-29,National Labor Relations Board,Other Agencies and Independent Organizations,0244,NL26DE12969289KR,https://www.usajobs.gov/job/870359500
870359800,2026-05-21,2026-05-29,National Labor Relations Board,Other Agencies and Independent Organizations,0244,NL26DE12969379KR,https://www.usajobs.gov/job/870359800
870359900,2026-05-21,2026-05-29,National Labor Relations Board,Other Agencies and Independent Organizations,0905,NL26EX12967393,https://www.usajobs.gov/job/870359900
870360200,2026-05-21,2026-05-29,National Labor Relations Board,Other Agencies and Independent Organizations,0244,NL26DE12969439KR,https://www.usajobs.gov/job/870360200
870360700,2026-05-21,2026-05-29,National Labor Relations Board,Other Agencies and Independent Organizations,0244,NL26DE12969470KR,https://www.usajobs.gov/job/870360700
870361200,2026-05-21,2026-05-29,National Labor Relations Board,Other Agencies and Independent Organizations,0244,NL26DE12969539KR,https://www.usajobs.gov/job/870361200
870361400,2026-05-21,2026-05-29,National Labor Relations Board,Other Agencies and Independent Organizations,0244,NL26DE12969602KR,https://www.usajobs.gov/job/870361400
870361500,2026-05-21,2026-05-29,National Labor Relations Board,Other Agencies and Independent Organizations,0905,NL26EX12969629KR,https://www.usajobs.gov/job/870361500
870362500,2026-05-21,2026-05-29,National Labor Relations Board,Other Agencies and Independent Organizations,0905,NL26EX12969640KR,https://www.usajobs.gov/job/870362500
870362800,2026-05-21,2026-05-29,National Labor Relations Board,Other Agencies and Independent Organizations,0905,NL26EX12969380BJ,https://www.usajobs.gov/job/870362800
870362900,2026-05-21,2026-05-29,National Labor Relations Board,Other Agencies and Independent Organizations,0905,NL26EX12969474BJ,https://www.usajobs.gov/job/870362900
870363100,2026-05-21,2026-05-29,National Labor Relations Board,Other Agencies and Independent Organizations,0905,NL26EX12969371BJ,https://www.usajobs.gov/job/870363100
870363400,2026-05-21,2026-05-29,National Labor Relations Board,Other Agencies and Independent Organizations,0905,NL26EX12969468BJ,https://www.usajobs.gov/job/870363400
870363800,2026-05-21,2026-05-29,National Labor Relations Board,Other Agencies and Independent Organizations,0905,NL26EX12967390BJ,https://www.usajobs.gov/job/870363800
870363900,2026-05-21,2026-05-29,National Labor Relations Board,Other Agencies and Independent Organizations,0905,NL26EX12969628NC,https://www.usajobs.gov/job/870363900
870364100,2026-05-21,2026-05-29,National Labor Relations Board,Other Agencies and Independent Organizations,0905,NL26EX12969649NC,https://www.usajobs.gov/job/870364100
870364200,2026-05-21,2026-05-29,National Labor Relations Board,Other Agencies and Independent Organizations,0905,NL26EX12969464BJ,https://www.usajobs.gov/job/870364200
870364900,2026-05-21,2026-05-29,National Labor Relations Board,Other Agencies and Independent Organizations,0244,NL26DE12969645AC,https://www.usajobs.gov/job/870364900
870365100,2026-05-21,2026-05-29,National Labor Relations Board,Other Agencies and Independent Organizations,0244,NL26DE12969650AC,https://www.usajobs.gov/job/870365100
870365300,2026-05-21,2026-05-29,National Labor Relations Board,Other Agencies and Independent Organizations,0905,NL26EX12969375BJ,https://www.usajobs.gov/job/870365300
870365500,2026-05-21,2026-05-29,National Labor Relations Board,Other Agencies and Independent Organizations,0905,NL26EX12969471BJ,https://www.usajobs.gov/job/870365500
870366000,2026-05-21,2026-05-29,National Labor Relations Board,Other Agencies and Independent Organizations,0905,NL26EX12969654NC,https://www.usajobs.gov/job/870366000
870366200,2026-05-21,2026-05-29,National Labor Relations Board,Other Agencies and Independent Organizations,0905,NL26EX12969655NC,https://www.usajobs.gov/job/870366200
870366900,2026-05-21,2026-05-29,National Labor Relations Board,Other Agencies and Independent Organizations,0905,NL26EX12969343AC,https://www.usajobs.gov/job/870366900
870367000,2026-05-21,2026-05-29,National Labor Relations Board,Other Agencies and Independent Organizations,0905,NL26EX12969410AC,https://www.usajobs.gov/job/870367000
870367100,2026-05-21,2026-05-29,National Labor Relations Board,Other Agencies and Independent Organizations,0905,NL26EX12969503AC,https://www.usajobs.gov/job/870367100
870367200,2026-05-21,2026-05-29,National Labor Relations Board,Other Agencies and Independent Organizations,0905,NL26EX12969440AC,https://www.usajobs.gov/job/870367200
870367300,2026-05-21,2026-05-29,National Labor Relations Board,Other Agencies and Independent Organizations,0905,NL26EX12969561AC,https://www.usajobs.gov/job/870367300
870367400,2026-05-21,2026-05-29,National Labor Relations Board,Other Agencies and Independent Organizations,0905,NL26EX12969605AC,https://www.usajobs.gov/job/870367400
870478300,2026-05-21,2026-05-29,National Labor Relations Board,Other Agencies and Independent Organizations,0244,NL26DE12969586KR,https://www.usajobs.gov/job/870478300
870072300,2026-05-21,2026-06-04,"Treasury, Departmental Offices",Department of the Treasury,0101,26-DO-12946859-P,https://www.usajobs.gov/job/870072300
870446000,2026-05-22,2026-06-01,Bureau of Industry and Security,Department of Commerce,1101,BIS-OASEA-DE-26-12968277,https://www.usajobs.gov/job/870446000
870481600,2026-05-22,2026-06-03,Executive Office for Immigration Review,Department of Justice,0963,DE-12969524-26-RA,https://www.usajobs.gov/job/870481600
870468600,2026-05-22,2026-05-22,Federal Communications Commission,Other Agencies and Independent Organizations,0343,fcc-test-2026-002,https://www.usajobs.gov/job/870468600
870373000,2026-05-22,2026-06-05,National Highway Traffic Safety Administration,Department of Transportation,0801,NHTSA.NEF-2026-0004,https://www.usajobs.gov/job/870373000
870259900,2026-05-22,2026-05-28,National Institute of Standards and Technology,Department of Commerce,1311,PML-687-26-12966261-AS,https://www.usajobs.gov/job/870259900
870474900,2026-05-22,2026-06-01,National Labor Relations Board,Other Agencies and Independent Organizations,0244,NL26DE12970150KR,https://www.usajobs.gov/job/870474900
870479500,2026-05-22,2026-06-01,National Labor Relations Board,Other Agencies and Independent Organizations,0244,NL26EX12969564KR,https://www.usajobs.gov/job/870479500
870474800,2026-05-22,2026-06-01,National Labor Relations Board,Other Agencies and Independent Organizations,0905,NL26EX12970164KR,https://www.usajobs.gov/job/870474800
870474600,2026-05-22,2026-06-02,National Labor Relations Board,Other Agencies and Independent Organizations,0905,NL26EX12970181KR,https://www.usajobs.gov/job/870474600
870475200,2026-05-22,2026-06-01,National Labor Relations Board,Other Agencies and Independent Organizations,0244,NL26DE12970115KR,https://www.usajobs.gov/job/870475200
870475600,2026-05-22,2026-06-01,National Labor Relations Board,Other Agencies and Independent Organizations,0244,NL26DE12969549KR,https://www.usajobs.gov/job/870475600
870476700,2026-05-22,2026-06-01,National Labor Relations Board,Other Agencies and Independent Organizations,0244,NL26DE12969585KR,https://www.usajobs.gov/job/870476700
870477800,2026-05-22,2026-06-01,National Labor Relations Board,Other Agencies and Independent Organizations,0244,NL26DE12969560KR,https://www.usajobs.gov/job/870477800
870479900,2026-05-22,2026-06-01,National Labor Relations Board,Other Agencies and Independent Organizations,0244,NL26DE12969593KR,https://www.usajobs.gov/job/870479900
870478600,2026-05-22,2026-06-01,National Labor Relations Board,Other Agencies and Independent Organizations,0244,NL26DE12969563,https://www.usajobs.gov/job/870478600
870479300,2026-05-22,2026-06-02,National Labor Relations Board,Other Agencies and Independent Organizations,0244,NL26DE12969590KR,https://www.usajobs.gov/job/870479300
870524900,2026-05-26,2026-06-24,Social Security Administration,Other Agencies and Independent Organizations,0105,SSA-12969511-DHA-26-FO,https://www.usajobs.gov/job/870524900
870458600,2026-05-26,2026-06-24,Social Security Administration,Other Agencies and Independent Organizations,0105,SSA-12969798-DHA-26-FO,https://www.usajobs.gov/job/870458600
870466800,2026-05-26,2026-06-24,Social Security Administration,Other Agencies and Independent Organizations,0105,SSA-12969483-DHA-26-FO,https://www.usajobs.gov/job/870466800
870525800,2026-05-26,2026-06-24,Social Security Administration,Other Agencies and Independent Organizations,0105,SSA-12969505-DHA-26-FO,https://www.usajobs.gov/job/870525800
870526200,2026-05-26,2026-06-24,Social Security Administration,Other Agencies and Independent Organizations,0105,SSA-12969486-DHA-26-FO,https://www.usajobs.gov/job/870526200
870458300,2026-05-26,2026-06-24,Social Security Administration,Other Agencies and Independent Organizations,0105,SSA-12969482-DHA-26-FO,https://www.usajobs.gov/job/870458300
870582400,2026-05-26,2026-06-24,Social Security Administration,Other Agencies and Independent Organizations,0105,SSA-12969780-DHA-26-FO,https://www.usajobs.gov/job/870582400
870585200,2026-05-26,2026-06-24,Social Security Administration,Other Agencies and Independent Organizations,0105,SSA-12969490-DHA-26-FO,https://www.usajobs.gov/job/870585200
870621400,2026-05-27,2026-06-02,Bureau of the Fiscal Service,Department of the Treasury,0343,26-FS-12959842-P,https://www.usajobs.gov/job/870621400
870755300,2026-05-27,2026-05-29,Equal Employment Opportunity Commission,Other Agencies and Independent Organizations,2299,DE-12963976-26-AH,https://www.usajobs.gov/job/870755300
870680600,2026-05-27,2026-06-09,Federal Transit Administration,Department of Transportation,0028,FTA.R3-2026-0002,https://www.usajobs.gov/job/870680600
870793200,2026-05-27,2026-06-01,National Labor Relations Board,Other Agencies and Independent Organizations,0905,NL26EX12967797BJ,https://www.usajobs.gov/job/870793200
870791000,2026-05-27,2026-06-01,National Labor Relations Board,Other Agencies and Independent Organizations,0905,NL26IX12971549BJ,https://www.usajobs.gov/job/870791000
870790900,2026-05-27,2026-06-01,National Labor Relations Board,Other Agencies and Independent Organizations,0905,NL26EX12964302BJ,https://www.usajobs.gov/job/870790900
870721900,2026-05-27,2026-06-15,Pipeline and Hazardous Materials Safety Administration,Department of Transportation,0801,PHMSA.PSRG-2026-0013,https://www.usajobs.gov/job/870721900
870955800,2026-05-28,2026-05-29,Federal Communications Commission,Other Agencies and Independent Organizations,0301,PATHWAYS-OLA-2026-001,https://www.usajobs.gov/job/870955800
870895300,2026-05-28,2026-06-10,Federal Transit Administration,Department of Transportation,2101,FTA.R1-2026-0001,https://www.usajobs.gov/job/870895300
870833500,2026-05-28,2026-06-11,National Gallery of Art,Other Agencies and Independent Organizations,0437,NGA-26-180-DE,https://www.usajobs.gov/job/870833500
870540000,2026-05-28,2026-06-03,National Institute of Standards and Technology,Department of Commerce,0301,MEPP-481-26-12968251-AS,https://www.usajobs.gov/job/870540000
870897200,2026-05-28,2026-06-02,National Labor Relations Board,Other Agencies and Independent Organizations,0905,NL26IX12972909BJ,https://www.usajobs.gov/job/870897200
870647000,2026-05-28,2026-06-10,U.S. Mint,Department of the Treasury,0028,26-MINT-12966438-P,https://www.usajobs.gov/job/870647000
870950700,2026-05-28,2026-06-11,Western Area Power Administration,Department of Energy,1170,26-WA-00611-12971872-DE,https://www.usajobs.gov/job/870950700
871032900,2026-05-29,2026-06-12,Development Finance Corporation,Other Agencies and Independent Organizations,0510,26-OCFO-DE-12971781-KS,https://www.usajobs.gov/job/871032900
871096600,2026-05-29,2026-06-05,National Labor Relations Board,Other Agencies and Independent Organizations,0905,NL26EX12968539ZA,https://www.usajobs.gov/job/871096600
871096700,2026-05-29,2026-06-05,National Labor Relations Board,Other Agencies and Independent Organizations,0905,NL26EX12968556ZA,https://www.usajobs.gov/job/871096700
871152500,2026-05-29,2026-06-05,National Labor Relations Board,Other Agencies and Independent Organizations,0905,NL26EX12974355KR,https://www.usajobs.gov/job/871152500
871152700,2026-05-29,2026-06-05,National Labor Relations Board,Other Agencies and Independent Organizations,0905,NL26EX12974302KR,https://www.usajobs.gov/job/871152700
871072600,2026-06-01,2026-06-22,Development Finance Corporation,Other Agencies and Independent Organizations,0301,26-OPI-DE-1295762-MB,https://www.usajobs.gov/job/871072600
871131900,2026-06-01,2026-06-08,National Institute of Standards and Technology,Department of Commerce,0301,NIST-26-12971052-AS,https://www.usajobs.gov/job/871131900
871134500,2026-06-01,2026-06-08,National Institute of Standards and Technology,Department of Commerce,0301,NIST-26-12971907-AS,https://www.usajobs.gov/job/871134500
871144600,2026-06-01,2026-06-08,National Institute of Standards and Technology,Department of Commerce,0341,NIST-26-12971138-AS,https://www.usajobs.gov/job/871144600
871004400,2026-06-01,2026-06-12,Social Security Administration,Other Agencies and Independent Organizations,1530,SSA-12970418-RQ-DHA,https://www.usajobs.gov/job/871004400
871256600,2026-06-02,2026-06-15,Maritime Administration,Department of Transportation,0801,MARAD.HQ-2026-0017,https://www.usajobs.gov/job/871256600
871221800,2026-06-02,2026-06-10,National Archives and Records Administration,Other Agencies and Independent Organizations,1421,DE-12972929-26-MU,https://www.usajobs.gov/job/871221800
871201000,2026-06-02,2026-06-08,National Labor Relations Board,Other Agencies and Independent Organizations,0905,NL26EX12967948ZA,https://www.usajobs.gov/job/871201000
871397300,2026-06-02,2026-06-09,National Labor Relations Board,Other Agencies and Independent Organizations,0244,NL26DE12975126DE,https://www.usajobs.gov/job/871397300
871425300,2026-06-02,2026-06-09,National Labor Relations Board,Other Agencies and Independent Organizations,0244,NL26DE12975203KR,https://www.usajobs.gov/job/871425300
871427800,2026-06-02,2026-06-09,National Labor Relations Board,Other Agencies and Independent Organizations,0244,NL26DE12975215DE,https://www.usajobs.gov/job/871427800
871494200,2026-06-03,2026-06-23,Federal Transit Administration,Department of Transportation,0801,FTA.TPM-2026-0005,https://www.usajobs.gov/job/871494200
871577300,2026-06-04,2026-06-17,Development Finance Corporation,Other Agencies and Independent Organizations,2210,26-OIT-DE-12974759-MB,https://www.usajobs.gov/job/871577300
871849700,2026-06-04,2026-06-12,Federal Communications Commission,Other Agencies and Independent Organizations,1099,PATHWAYS-OMR-2026-001,https://www.usajobs.gov/job/871849700
871844600,2026-06-04,2026-06-11,Federal Communications Commission,Other Agencies and Independent Organizations,1035,DEU-OMR-2026-001,https://www.usajobs.gov/job/871844600
871851700,2026-06-04,2026-06-07,Federal Communications Commission,Other Agencies and Independent Organizations,1035,DEU-OMR-2026-002,https://www.usajobs.gov/job/871851700
871629000,2026-06-04,2026-06-12,National Archives and Records Administration,Other Agencies and Independent Organizations,1001,DE-12973999-26-BS,https://www.usajobs.gov/job/871629000
871594800,2026-06-04,2026-06-12,National Archives and Records Administration,Other Agencies and Independent Organizations,5703,DE-12974045-26-KB,https://www.usajobs.gov/job/871594800
871872200,2026-06-05,2026-06-18,Development Finance Corporation,Other Agencies and Independent Organizations,1601,26-OCCS-DE-12976422-MB,https://www.usajobs.gov/job/871872200
871832900,2026-06-05,2026-09-03,Federal Railroad Administration,Department of Transportation,2121,FRA.DH-2026-0003,https://www.usajobs.gov/job/871832900
871955200,2026-06-05,2026-08-12,Federal Railroad Administration,Department of Transportation,2121,FRA.OP-2026-0002,https://www.usajobs.gov/job/871955200
871955700,2026-06-05,2026-08-12,Federal Railroad Administration,Department of Transportation,2121,FRA.GX-2026-0003,https://www.usajobs.gov/job/871955700
871961400,2026-06-05,2026-06-19,National Gallery of Art,Other Agencies and Independent Organizations,0301,NGA-26-152-DE,https://www.usajobs.gov/job/871961400
872036200,2026-06-05,2026-06-10,National Labor Relations Board,Other Agencies and Independent Organizations,0318,NL26DE12979660KR,https://www.usajobs.gov/job/872036200
872036900,2026-06-05,2026-06-10,National Labor Relations Board,Other Agencies and Independent Organizations,0301,NL26DE12979557KR,https://www.usajobs.gov/job/872036900
872037200,2026-06-05,2026-06-10,National Labor Relations Board,Other Agencies and Independent Organizations,0341,NL26DE1297962KR,https://www.usajobs.gov/job/872037200
871949300,2026-06-05,2026-07-22,Office of Personnel Management,Other Agencies and Independent Organizations,1102,CGA-DHA-12950587-26-CL,https://www.usajobs.gov/job/871949300
871949900,2026-06-05,2026-07-22,Office of Personnel Management,Other Agencies and Independent Organizations,0501,CGA-DHA-12950509-26-CL,https://www.usajobs.gov/job/871949900
871950000,2026-06-05,2026-07-22,Office of Personnel Management,Other Agencies and Independent Organizations,0201,CGA-DHA-12951703-26-CL,https://www.usajobs.gov/job/871950000
871884100,2026-06-05,2026-06-19,"Treasury, Departmental Offices",Department of the Treasury,0301,26-DO-12977629-P,https://www.usajobs.gov/job/871884100
871967200,2026-06-05,2026-06-18,"Treasury, Departmental Offices",Department of the Treasury,0306,26-DO-12974138-P,https://www.usajobs.gov/job/871967200
872029000,2026-06-05,2026-06-17,Western Area Power Administration,Department of Energy,1601,26-WJ-00724-12977161-DE,https://www.usajobs.gov/job/872029000
872035000,2026-06-05,2026-06-17,Western Area Power Administration,Department of Energy,1601,26-WJ-00724-12979721-DE,https://www.usajobs.gov/job/872035000
872035900,2026-06-05,2026-06-17,Western Area Power Administration,Department of Energy,1601,26-WJ-00724-12979728-DE,https://www.usajobs.gov/job/872035900
872600200,2026-06-07,2026-06-09,Federal Communications Commission,Other Agencies and Independent Organizations,0201,SK TESTING-DO NOT APPLY,https://www.usajobs.gov/job/872600200
872605600,2026-06-07,2026-06-09,Federal Communications Commission,Other Agencies and Independent Organizations,0201,SK TESTING2-DO NOT APPLY,https://www.usajobs.gov/job/872605600
872097800,2026-06-08,2026-06-12,"Offices, Boards and Divisions",Department of Justice,0950,26-CRM-PATH-002,https://www.usajobs.gov/job/872097800
872100500,2026-06-08,2026-06-12,"Offices, Boards and Divisions",Department of Justice,0950,26-CRM-JS-016,https://www.usajobs.gov/job/872100500
872164600,2026-06-08,2026-06-12,"Offices, Boards and Divisions",Department of Justice,0301,26-CRM-PATH-001,https://www.usajobs.gov/job/872164600
872197600,2026-06-09,2026-06-16,Bureau of the Fiscal Service,Department of the Treasury,0101,26-FS-12978089-P,https://www.usajobs.gov/job/872197600
872297100,2026-06-09,2026-06-18,Consumer Product Safety Commission,Other Agencies and Independent Organizations,0950,3010CEL-2026-0004,https://www.usajobs.gov/job/872297100
872093400,2026-06-09,2026-06-17,National Archives and Records Administration,Other Agencies and Independent Organizations,2091,DE-12977626-26-EB,https://www.usajobs.gov/job/872093400
872093900,2026-06-09,2026-06-17,National Archives and Records Administration,Other Agencies and Independent Organizations,2091,DE-12978178-26-LD,https://www.usajobs.gov/job/872093900
872095100,2026-06-09,2026-06-29,National Archives and Records Administration,Other Agencies and Independent Organizations,2091,DE-12979567-26-EB,https://www.usajobs.gov/job/872095100
872062600,2026-06-09,2026-06-17,National Archives and Records Administration,Other Agencies and Independent Organizations,1001,DE-12972720-26-BS,https://www.usajobs.gov/job/872062600
872327100,2026-06-09,2026-06-22,National Gallery of Art,Other Agencies and Independent Organizations,1016,NGA-26-161-DE,https://www.usajobs.gov/job/872327100
872442500,2026-06-09,2026-06-16,National Labor Relations Board,Other Agencies and Independent Organizations,0244,NL26DE12981429KR,https://www.usajobs.gov/job/872442500
872444100,2026-06-09,2026-06-16,National Labor Relations Board,Other Agencies and Independent Organizations,0905,NL26EX12982014KR,https://www.usajobs.gov/job/872444100
872603700,2026-06-10,2026-06-11,Federal Communications Commission,Other Agencies and Independent Organizations,0201,SK TESTING-DO NOT APPLY,https://www.usajobs.gov/job/872603700
872606700,2026-06-10,2026-06-12,Federal Communications Commission,Other Agencies and Independent Organizations,0201,SK TESTING2-DO NOT APPLY,https://www.usajobs.gov/job/872606700
872613100,2026-06-10,2026-06-11,Federal Communications Commission,Other Agencies and Independent Organizations,0201,SK TESTING2-DO NOT APPLY,https://www.usajobs.gov/job/872613100
872634700,2026-06-10,2026-06-12,Federal Communications Commission,Other Agencies and Independent Organizations,1035,DEU-OMR-2026-002,https://www.usajobs.gov/job/872634700
872635300,2026-06-10,2026-06-12,Federal Communications Commission,Other Agencies and Independent Organizations,0301,PATHWAYS-OLA-2026-001,https://www.usajobs.gov/job/872635300
872400300,2026-06-10,2026-06-18,National Archives and Records Administration,Other Agencies and Independent Organizations,1420,DE-12980552-26-TY,https://www.usajobs.gov/job/872400300
872360000,2026-06-10,2026-06-23,Pipeline and Hazardous Materials Safety Administration,Department of Transportation,0110,PHMSA.PHO-2026-0001,https://www.usajobs.gov/job/872360000
872779100,2026-06-11,2026-06-22,Consumer Product Safety Commission,Other Agencies and Independent Organizations,0413 | 0405 | 0415,4520HSPP-2026-0001,https://www.usajobs.gov/job/872779100
872581600,2026-06-11,2026-06-22,National Archives and Records Administration,Other Agencies and Independent Organizations,1640,DE-12981084-26-MU,https://www.usajobs.gov/job/872581600
872827300,2026-06-11,2026-06-18,National Labor Relations Board,Other Agencies and Independent Organizations,0905,NL26EX12970956CF,https://www.usajobs.gov/job/872827300
872828100,2026-06-11,2026-06-18,National Labor Relations Board,Other Agencies and Independent Organizations,0905,NL26EX12971508CF,https://www.usajobs.gov/job/872828100
872828800,2026-06-11,2026-06-18,National Labor Relations Board,Other Agencies and Independent Organizations,0905,NL26EX12972046CF,https://www.usajobs.gov/job/872828800
872829500,2026-06-11,2026-06-18,National Labor Relations Board,Other Agencies and Independent Organizations,0905,NL26EX12972129CF,https://www.usajobs.gov/job/872829500
872830100,2026-06-11,2026-06-18,National Labor Relations Board,Other Agencies and Independent Organizations,0904,NL26EX12981632CF,https://www.usajobs.gov/job/872830100
872772300,2026-06-12,2026-06-22,Bureau of the Fiscal Service,Department of the Treasury,0343,26-FS-12981406-P,https://www.usajobs.gov/job/872772300
872567500,2026-06-12,2026-06-15,Consumer Product Safety Commission,Other Agencies and Independent Organizations,1801,3020CRE-2026-0003,https://www.usajobs.gov/job/872567500
872982100,2026-06-12,2026-06-29,Development Finance Corporation,Other Agencies and Independent Organizations,0510,26-OCFO-DE-12981620-KS,https://www.usajobs.gov/job/872982100
872997700,2026-06-12,2026-06-17,Federal Communications Commission,Other Agencies and Independent Organizations,1035,DEU-OMR-2026-001,https://www.usajobs.gov/job/872997700
872827900,2026-06-12,2026-06-25,Federal Transit Administration,Department of Transportation,0343,FTA.TPM-2026-0006,https://www.usajobs.gov/job/872827900
872952800,2026-06-12,2026-06-17,National Labor Relations Board,Other Agencies and Independent Organizations,2210,NL26DH12977106ZA,https://www.usajobs.gov/job/872952800
872816500,2026-06-12,2026-06-18,Other Agencies and Independent Organizations,Department of Energy,1082,26-IG-12982161-DE-KP,https://www.usajobs.gov/job/872816500
872889800,2026-06-15,2026-06-23,Bureau of the Fiscal Service,Department of the Treasury,1160,26-FS-12983435-P,https://www.usajobs.gov/job/872889800
873031000,2026-06-15,2026-06-24,Federal Communications Commission,Other Agencies and Independent Organizations,1099,PATHWAYS-OMR-2026-001,https://www.usajobs.gov/job/873031000
873101800,2026-06-15,2026-06-29,National Gallery of Art,Other Agencies and Independent Organizations,1010,NGA-26-164-DE,https://www.usajobs.gov/job/873101800
873118000,2026-06-16,2026-06-23,Bureau of the Fiscal Service,Department of the Treasury,0511,26-FS-12983559-P,https://www.usajobs.gov/job/873118000
873234400,2026-06-16,2026-06-22,"Offices, Boards and Divisions",Department of Justice,0950,NSD-26-12984084-DE,https://www.usajobs.gov/job/873234400
873541900,2026-06-17,2026-07-03,Federal Communications Commission,Other Agencies and Independent Organizations,1199,PATHWAYS-OEA-2026-003,https://www.usajobs.gov/job/873541900
873531700,2026-06-17,2026-06-23,National Labor Relations Board,Other Agencies and Independent Organizations,2210,NL26DH12989108ZA,https://www.usajobs.gov/job/873531700
873332000,2026-06-17,2026-06-29,Southwestern Power Administration,Department of Energy,0525,26-SW-00755-12987301-DE,https://www.usajobs.gov/job/873332000
873333700,2026-06-17,2026-06-29,Southwestern Power Administration,Department of Energy,0525,26-SW-00756-12987473-DE,https://www.usajobs.gov/job/873333700
873472000,2026-06-18,2026-06-29,Bureau of the Fiscal Service,Department of the Treasury,0511,26-FS-12971585-P,https://www.usajobs.gov/job/873472000
873583700,2026-06-18,2026-06-26,National Labor Relations Board,Other Agencies and Independent Organizations,0905,NL26EX12988487CF,https://www.usajobs.gov/job/873583700
873324600,2026-06-22,2026-07-06,Export-Import Bank of the United States,Other Agencies and Independent Organizations,0080,D26-TJ-12981761-SEC,https://www.usajobs.gov/job/873324600
873323400,2026-06-22,2026-07-06,Export-Import Bank of the United States,Other Agencies and Independent Organizations,0080,M26-TJ-12982029-SEC,https://www.usajobs.gov/job/873323400
873787400,2026-06-23,2026-07-01,National Archives and Records Administration,Other Agencies and Independent Organizations,0511,DE-12987807-26-MU,https://www.usajobs.gov/job/873787400
874116300,2026-06-24,2026-07-02,Cybersecurity and Infrastructure Security Agency,Department of Homeland Security,0132,IOD-DE-12991212-26-MYC,https://www.usajobs.gov/job/874116300
874185400,2026-06-24,2026-07-06,Federal Housing Finance Agency,Other Agencies and Independent Organizations,2210,OCIO-26-05-DE,https://www.usajobs.gov/job/874185400
873935700,2026-06-24,2026-07-02,National Archives and Records Administration,Other Agencies and Independent Organizations,1016,DE-12989673-26-JB,https://www.usajobs.gov/job/873935700
874085500,2026-06-24,2026-06-30,Office of Inspector General,Department of Housing and Urban Development,0511,26-HUD OIG-12991364 -X,https://www.usajobs.gov/job/874085500
874222000,2026-06-24,2026-07-06,Office of Justice Programs,Department of Justice,0201,JP-26-003,https://www.usajobs.gov/job/874222000
874280200,2026-06-25,2026-07-13,Development Finance Corporation,Other Agencies and Independent Organizations,0343,26-OPI-DE-12992222-MB,https://www.usajobs.gov/job/874280200
874280400,2026-06-25,2026-07-13,Development Finance Corporation,Other Agencies and Independent Organizations,0340,26-OPI-DE-12992244-MB,https://www.usajobs.gov/job/874280400
874440700,2026-06-26,2026-07-06,Bureau of Economic Analysis,Department of Commerce,0510,26-BEA-DID-12992687-DE-SB,https://www.usajobs.gov/job/874440700
874390500,2026-06-26,2026-07-10,Federal Transit Administration,Department of Transportation,1109,FTA.RO-2026-0012,https://www.usajobs.gov/job/874390500
874424000,2026-06-26,2026-07-09,Federal Transit Administration,Department of Transportation,0560,FTA.TBP-2026-0001,https://www.usajobs.gov/job/874424000
874324500,2026-06-26,2026-07-07,National Archives and Records Administration,Other Agencies and Independent Organizations,1083,DE-12993293-26-TY,https://www.usajobs.gov/job/874324500
874368400,2026-06-26,2026-07-07,National Archives and Records Administration,Other Agencies and Independent Organizations,1060,DE-12992577-26-KB,https://www.usajobs.gov/job/874368400
874615800,2026-06-26,2026-07-06,National Labor Relations Board,Other Agencies and Independent Organizations,0244,NL26DE12995376KR,https://www.usajobs.gov/job/874615800
874616200,2026-06-26,2026-07-08,National Labor Relations Board,Other Agencies and Independent Organizations,1801,NL26DE12995454KR,https://www.usajobs.gov/job/874616200
874620400,2026-06-26,2026-07-06,National Labor Relations Board,Other Agencies and Independent Organizations,0905,NL26EX12995375ZA,https://www.usajobs.gov/job/874620400
874516700,2026-06-26,2026-07-06,Southwestern Power Administration,Department of Energy,0850,26-SW-00804-12992516-DE,https://www.usajobs.gov/job/874516700
874431200,2026-06-26,2026-07-10,Western Area Power Administration,Department of Energy,0850,26-WB-00408-12993461-DE,https://www.usajobs.gov/job/874431200
874626000,2026-06-29,2026-07-03,Social Security Administration,Other Agencies and Independent Organizations,1529,SSA-12991513-26  RQ  DHA,https://www.usajobs.gov/job/874626000
874798200,2026-06-30,2026-07-20,Federal Highway Administration,Department of Transportation,0810,FHWA.FO-2026-0006,https://www.usajobs.gov/job/874798200
875082100,2026-07-01,2026-07-15,Federal Transit Administration,Department of Transportation,1109,FTA.R3-2026-0003,https://www.usajobs.gov/job/875082100
874858500,2026-07-01,2026-07-10,National Archives and Records Administration,Other Agencies and Independent Organizations,1421,DE-12995730-26-MU,https://www.usajobs.gov/job/874858500
875034900,2026-07-01,2026-07-10,National Archives and Records Administration,Other Agencies and Independent Organizations,1421,DE-12998116-26-LD,https://www.usajobs.gov/job/875034900
875151200,2026-07-01,2026-07-07,National Labor Relations Board,Other Agencies and Independent Organizations,0905,NL26DE12998715AC,https://www.usajobs.gov/job/875151200
874976500,2026-07-01,2026-07-07,Naval Facilities Engineering Systems Command,Department of the Navy,6910,ST-12994883-26-CJS,https://www.usajobs.gov/job/874976500
875233100,2026-07-02,2026-07-08,Federal Highway Administration,Department of Transportation,0810,FHWA.EFL-2026-0015,https://www.usajobs.gov/job/875233100
875209100,2026-07-02,2026-09-30,Federal Railroad Administration,Department of Transportation,2121,FRA.DH-2026-0005,https://www.usajobs.gov/job/875209100
875225500,2026-07-02,2026-07-13,National Archives and Records Administration,Other Agencies and Independent Organizations,0343,DE-12998410-26-BS,https://www.usajobs.gov/job/875225500
875230500,2026-07-02,2026-07-13,National Archives and Records Administration,Other Agencies and Independent Organizations,1001,DE-12999281-26-MU,https://www.usajobs.gov/job/875230500
875262900,2026-07-02,2026-07-13,National Archives and Records Administration,Other Agencies and Independent Organizations,1421,DE-12999182-26-AM,https://www.usajobs.gov/job/875262900
875294700,2026-07-02,2026-07-13,National Archives and Records Administration,Other Agencies and Independent Organizations,1421,DE-12999501-26-BS,https://www.usajobs.gov/job/875294700
875014300,2026-07-02,2026-07-13,National Archives and Records Administration,Other Agencies and Independent Organizations,1421,DE-12997634-26-AM,https://www.usajobs.gov/job/875014300
875285700,2026-07-02,2026-07-15,National Labor Relations Board,Other Agencies and Independent Organizations,0905,NL26EX12993547KR,https://www.usajobs.gov/job/875285700
875285900,2026-07-02,2026-07-15,National Labor Relations Board,Other Agencies and Independent Organizations,0905,NL26EX12993697KR,https://www.usajobs.gov/job/875285900
875286600,2026-07-02,2026-07-15,National Labor Relations Board,Other Agencies and Independent Organizations,0905,NL26EX12993803CF,https://www.usajobs.gov/job/875286600
875286700,2026-07-02,2026-07-15,National Labor Relations Board,Other Agencies and Independent Organizations,0905,NL26EX12993884KR,https://www.usajobs.gov/job/875286700
875597100,2026-07-02,2026-07-21,Office of the Secretary of Transportation,Department of Transportation,0501,OST.M-2026-0011,https://www.usajobs.gov/job/875597100
875439200,2026-07-03,2026-08-03,Pipeline and Hazardous Materials Safety Administration,Department of Transportation,0801,PHMSA.PSRG-2026-0018,https://www.usajobs.gov/job/875439200
875382200,2026-07-06,2026-07-10,Equal Employment Opportunity Commission,Other Agencies and Independent Organizations,0201,DE-12995891-26-SM,https://www.usajobs.gov/job/875382200
875413400,2026-07-06,2026-07-14,Internal Revenue Service,Department of the Treasury,0301,CCLO-26-12985905-DE,https://www.usajobs.gov/job/875413400
875440800,2026-07-06,2026-08-06,Pipeline and Hazardous Materials Safety Administration,Department of Transportation,0801,PHMSA.PSRG-2026-0018,https://www.usajobs.gov/job/875440800
875603100,2026-07-07,2026-08-07,Federal Highway Administration,Department of Transportation,0020,FHWA.HEP-2026-0002,https://www.usajobs.gov/job/875603100
875354800,2026-07-07,2026-07-21,Federal Motor Carrier Safety Administration,Department of Transportation,2101,FMCSA.R-2026-0001,https://www.usajobs.gov/job/875354800
875413900,2026-07-07,2026-07-21,Federal Transit Administration,Department of Transportation,0028,FTA.TPE-2026-0002,https://www.usajobs.gov/job/875413900
875474600,2026-07-07,2026-07-20,Federal Transit Administration,Department of Transportation,2101,FTA.R5-2026-0001,https://www.usajobs.gov/job/875474600
875572800,2026-07-07,2026-07-21,National Gallery of Art,Other Agencies and Independent Organizations,4102,NGA-26-120-DE,https://www.usajobs.gov/job/875572800
875461600,2026-07-07,2026-09-30,Social Security Administration,Other Agencies and Independent Organizations,2210,SSA-12999738-26-DHA-CIO,https://www.usajobs.gov/job/875461600
875779200,2026-07-08,2026-07-17,Federal Communications Commission,Other Agencies and Independent Organizations,0511,DEU-OIG-2026-005,https://www.usajobs.gov/job/875779200
875648800,2026-07-08,2026-07-21,Federal Transit Administration,Department of Transportation,1560,FTA.TOA-2026-0001,https://www.usajobs.gov/job/875648800
875782100,2026-07-08,2026-07-15,National Labor Relations Board,Other Agencies and Independent Organizations,0905,NL26IMP13002106NC,https://www.usajobs.gov/job/875782100
875919200,2026-07-09,2026-07-20,Cybersecurity and Infrastructure Security Agency,Department of Homeland Security,0306,PACT-DE-13002251-26-KR,https://www.usajobs.gov/job/875919200
875894000,2026-07-09,2026-08-10,Federal Highway Administration,Department of Transportation,0810,FHWA.EFL-2026-0016,https://www.usajobs.gov/job/875894000
875979000,2026-07-09,2026-07-15,National Highway Traffic Safety Administration,Department of Transportation,0801,NHTSA.NEF-2026-0005,https://www.usajobs.gov/job/875979000
876193300,2026-07-09,2026-07-17,National Labor Relations Board,Other Agencies and Independent Organizations,0244,NL26DE13004161DE,https://www.usajobs.gov/job/876193300
876196600,2026-07-09,2026-07-17,National Labor Relations Board,Other Agencies and Independent Organizations,0244,NL26DE13004080DE,https://www.usajobs.gov/job/876196600
875887500,2026-07-09,2026-07-21,National Labor Relations Board,Other Agencies and Independent Organizations,0904,NL26EX13002324CF,https://www.usajobs.gov/job/875887500
876192500,2026-07-09,2026-07-17,National Labor Relations Board,Other Agencies and Independent Organizations,0905,NL26EX13003763DE,https://www.usajobs.gov/job/876192500
876192800,2026-07-09,2026-07-17,National Labor Relations Board,Other Agencies and Independent Organizations,0905,NL26EX13003858DE,https://www.usajobs.gov/job/876192800
875834600,2026-07-09,2026-07-20,Office of Justice Programs,Department of Justice,1109,JP-26-007,https://www.usajobs.gov/job/875834600
876191700,2026-07-10,2026-07-17,National Labor Relations Board,Other Agencies and Independent Organizations,0303,NL26DE13003625DE,https://www.usajobs.gov/job/876191700
876192100,2026-07-10,2026-07-17,National Labor Relations Board,Other Agencies and Independent Organizations,0303,NL26DE13003727DE,https://www.usajobs.gov/job/876192100
876023300,2026-07-10,2026-07-20,Office of Justice Programs,Department of Justice,1109,JP-26-012,https://www.usajobs.gov/job/876023300
875943500,2026-07-10,2026-07-20,U.S. Fish and Wildlife Service,Department of the Interior,5334,DE-13001806-26-CP,https://www.usajobs.gov/job/875943500
876149700,2026-07-13,2026-07-31,Development Finance Corporation,Other Agencies and Independent Organizations,1101,26-OE/OI-DE-13003101-AQ,https://www.usajobs.gov/job/876149700
876308500,2026-07-13,2026-07-27,Federal Motor Carrier Safety Administration,Department of Transportation,2101,FMCSA.DH-2026-0001,https://www.usajobs.gov/job/876308500
876122700,2026-07-13,2027-01-13,Government Publishing Office,Legislative Branch,0083,26-12986474-DE-ROM-JJ,https://www.usajobs.gov/job/876122700
876239000,2026-07-13,2026-08-03,National Gallery of Art,Other Agencies and Independent Organizations,1015,NGA-26-213-DE,https://www.usajobs.gov/job/876239000
876284700,2026-07-13,2026-07-27,National Gallery of Art,Other Agencies and Independent Organizations,1015,NGA-26-200-DE,https://www.usajobs.gov/job/876284700
876317000,2026-07-13,2026-07-23,National Highway Traffic Safety Administration,Department of Transportation,0801,NHTSA.NRM-2026-0006,https://www.usajobs.gov/job/876317000
876143700,2026-07-13,2026-07-24,Social Security Administration,Other Agencies and Independent Organizations,1102,SSA-12997651-26  COSS-DHA,https://www.usajobs.gov/job/876143700
876144200,2026-07-13,2026-07-24,Social Security Administration,Other Agencies and Independent Organizations,1102,SSA-12997704-26  COSS-DHA,https://www.usajobs.gov/job/876144200
876298600,2026-07-14,2026-07-28,Federal Highway Administration,Department of Transportation,0340,FHWA.FO-2026-0007,https://www.usajobs.gov/job/876298600
876492900,2026-07-14,2026-07-27,Federal Transit Administration,Department of Transportation,0028,FTA.TPE-2026-0001,https://www.usajobs.gov/job/876492900
876363900,2026-07-14,2026-08-03,National Highway Traffic Safety Administration,Department of Transportation,0801,NHTSA.NRM-2026-0007,https://www.usajobs.gov/job/876363900
876420600,2026-07-14,2026-07-28,Office of the Comptroller of the Currency,Department of the Treasury,2210,DEU-WT-26-5523-13005993,https://www.usajobs.gov/job/876420600
876544900,2026-07-14,2026-07-28,Other Agencies and Independent Organizations,Court Services and Offender Supervision Agency for DC,0102,OC-26-12970245-DEU-DJ,https://www.usajobs.gov/job/876544900
876508400,2026-07-14,2026-07-21,Western Area Power Administration,Department of Energy,0850,26-WJ-00870-13005169-IMP,https://www.usajobs.gov/job/876508400
876605800,2026-07-15,2026-08-05,Federal Highway Administration,Department of Transportation,0801,FHWA.HRT-2026-0004,https://www.usajobs.gov/job/876605800
876681800,2026-07-15,2026-07-24,Federal Highway Administration,Department of Transportation,0810,FHWA.EFL-2026-0017,https://www.usajobs.gov/job/876681800
876518500,2026-07-15,2026-07-21,National Institute of Standards and Technology,Department of Commerce,1001,ADIIS-401-26-13005126-AS,https://www.usajobs.gov/job/876518500
876736600,2026-07-15,2026-07-20,National Labor Relations Board,Other Agencies and Independent Organizations,1411,NL26DE13007215ZA,https://www.usajobs.gov/job/876736600
876513700,2026-07-15,2026-07-21,National Labor Relations Board,Other Agencies and Independent Organizations,0950,NL26DE13005607ZA,https://www.usajobs.gov/job/876513700
876516400,2026-07-15,2026-08-10,Office of the Secretary of the Interior,Department of the Interior,0950,OS-13005037-26-SS-DE,https://www.usajobs.gov/job/876516400
876748000,2026-07-16,2026-07-21,Export-Import Bank of the United States,Other Agencies and Independent Organizations,0301,IM26-FK-13007662-EA,https://www.usajobs.gov/job/876748000
876634800,2026-07-16,2026-07-29,Federal Transit Administration,Department of Transportation,0343,FTA.TPM-2026-0007,https://www.usajobs.gov/job/876634800
876374900,2026-07-16,2026-08-06,National Gallery of Art,Other Agencies and Independent Organizations,1016,NGA-26-186-DE,https://www.usajobs.gov/job/876374900
876524900,2026-07-16,2026-08-15,Social Security Administration,Other Agencies and Independent Organizations,0105,SSA-13006732-DHA-26-FO,https://www.usajobs.gov/job/876524900
876619000,2026-07-16,2026-08-15,Social Security Administration,Other Agencies and Independent Organizations,0105,SSA-13007159-DHA-26-FO,https://www.usajobs.gov/job/876619000
876713100,2026-07-16,2026-08-15,Social Security Administration,Other Agencies and Independent Organizations,0105,SSA-13006976-DHA-26-FO,https://www.usajobs.gov/job/876713100
876804800,2026-07-17,2026-07-31,Bureau of Engraving and Printing,Department of the Treasury,0850,26-BEP-12997285-P,https://www.usajobs.gov/job/876804800
877089100,2026-07-17,2026-07-27,Federal Highway Administration,Department of Transportation,2101,FHWA.DH-2026-0003,https://www.usajobs.gov/job/877089100
876873100,2026-07-17,2026-07-29,Federal Highway Administration,Department of Transportation,0020,FHWA.FO-2026-0009,https://www.usajobs.gov/job/876873100
876750300,2026-07-17,2026-08-07,National Gallery of Art,Other Agencies and Independent Organizations,0905,NGA-26-206-DE,https://www.usajobs.gov/job/876750300
877130100,2026-07-17,2026-07-24,National Labor Relations Board,Other Agencies and Independent Organizations,0905,NL26EX13008508DE,https://www.usajobs.gov/job/877130100
877129900,2026-07-17,2026-07-24,National Labor Relations Board,Other Agencies and Independent Organizations,0244,NL26DE13008386DE,https://www.usajobs.gov/job/877129900
877056100,2026-07-17,2026-07-31,Office of the Comptroller of the Currency,Department of the Treasury,0570,EXT-MT-26-5524-13013526,https://www.usajobs.gov/job/877056100
877049100,2026-07-17,2026-08-03,U.S. Fish and Wildlife Service,Department of the Interior,5716,FWS-DE-13013777-26-CP,https://www.usajobs.gov/job/877049100
877032200,2026-07-20,2026-08-19,Federal Highway Administration,Department of Transportation,2101,FHWA.FO-2026-0010,https://www.usajobs.gov/job/877032200
877106700,2026-07-20,2026-07-29,Federal Transit Administration,Department of Transportation,0343,FTA.TCA-2026-0002,https://www.usajobs.gov/job/877106700
877197200,2026-07-20,2026-08-03,Federal Transit Administration,Department of Transportation,0340,FTA.TPO-2026-0001,https://www.usajobs.gov/job/877197200
877149500,2026-07-20,2026-08-17,"Offices, Boards and Divisions",Department of Justice,0601,DE-13013544-26-BLC,https://www.usajobs.gov/job/877149500
877030800,2026-07-20,2026-08-17,"Treasury, Departmental Offices",Department of the Treasury,0301,26-DO-12989573-P,https://www.usajobs.gov/job/877030800
877315800,2026-07-21,2026-08-04,National Gallery of Art,Other Agencies and Independent Organizations,5703,NGA-26-198-DE,https://www.usajobs.gov/job/877315800
877348600,2026-07-21,2026-08-07,National Gallery of Art,Other Agencies and Independent Organizations,3603,NGA-26-122-DE,https://www.usajobs.gov/job/877348600
877359100,2026-07-21,2026-08-10,"Treasury, Departmental Offices",Department of the Treasury,0510,26-DO-12978494,https://www.usajobs.gov/job/877359100
877644100,2026-07-22,2026-08-06,Federal Communications Commission,Other Agencies and Independent Organizations,2210,DEU-OMD-2026-009,https://www.usajobs.gov/job/877644100
877645200,2026-07-22,2026-08-06,Federal Communications Commission,Other Agencies and Independent Organizations,2210,DEU-OMD-2026-008,https://www.usajobs.gov/job/877645200
877654900,2026-07-22,2026-08-06,Federal Communications Commission,Other Agencies and Independent Organizations,0999,PATHWAYS-OIG-2026-002,https://www.usajobs.gov/job/877654900
877464300,2026-07-22,2026-08-05,Federal Highway Administration,Department of Transportation,0501,FHWA.FO-2026-0011,https://www.usajobs.gov/job/877464300
877623000,2026-07-22,2026-08-04,Federal Highway Administration,Department of Transportation,0028,FHWA.DH-2026-0004,https://www.usajobs.gov/job/877623000
877662100,2026-07-22,2026-08-14,Federal Highway Administration,Department of Transportation,0810,FHWA.EFL-2026-0020,https://www.usajobs.gov/job/877662100
877556700,2026-07-22,2026-08-11,Federal Transit Administration,Department of Transportation,0801,FTA.R4-2026-0002,https://www.usajobs.gov/job/877556700
877604500,2026-07-22,2026-07-27,National Labor Relations Board,Other Agencies and Independent Organizations,0501,NL26DE13016575ZA,https://www.usajobs.gov/job/877604500
877630200,2026-07-22,2026-07-29,National Labor Relations Board,Other Agencies and Independent Organizations,0511,NL26DE13011870BJ,https://www.usajobs.gov/job/877630200
877744200,2026-07-23,2026-07-31,Internal Revenue Service,Department of the Treasury,0950,CCLO-26-12987967-DE,https://www.usajobs.gov/job/877744200
877644400,2026-07-23,2026-07-30,National Gallery of Art,Other Agencies and Independent Organizations,0343,NGA-26-053R-DE,https://www.usajobs.gov/job/877644400
877864600,2026-07-23,2026-07-30,National Labor Relations Board,Other Agencies and Independent Organizations,0905,NL26EX13016230DE,https://www.usajobs.gov/job/877864600
877862600,2026-07-23,2026-07-28,National Labor Relations Board,Other Agencies and Independent Organizations,0303,NL26DE13015783DE,https://www.usajobs.gov/job/877862600
877862900,2026-07-23,2026-07-28,National Labor Relations Board,Other Agencies and Independent Organizations,0303,NL26DE13015835DE,https://www.usajobs.gov/job/877862900
877752700,2026-07-23,2026-08-06,"Offices, Boards and Divisions",Department of Justice,0301,26-OEO-KK-022,https://www.usajobs.gov/job/877752700
877659800,2026-07-23,2026-08-03,Western Area Power Administration,Department of Energy,0855 | 0850,26-WA-00412-13015050-DE,https://www.usajobs.gov/job/877659800
877998000,2026-07-24,2026-07-28,Federal Communications Commission,Other Agencies and Independent Organizations,0511,DEU-OIG-2026-006,https://www.usajobs.gov/job/877998000
877715900,2026-07-24,2026-08-07,Federal Highway Administration,Department of Transportation,0501,FHWA.FO-2026-0012,https://www.usajobs.gov/job/877715900
877864800,2026-07-24,2026-07-30,National Labor Relations Board,Other Agencies and Independent Organizations,0905,NL26EX13016270DE,https://www.usajobs.gov/job/877864800
877865200,2026-07-24,2026-07-30,National Labor Relations Board,Other Agencies and Independent Organizations,0905,NL26EX13016239DE,https://www.usajobs.gov/job/877865200
877865600,2026-07-24,2026-07-30,National Labor Relations Board,Other Agencies and Independent Organizations,0905,NL26EX13016266DE,https://www.usajobs.gov/job/877865600
877865800,2026-07-24,2026-07-30,National Labor Relations Board,Other Agencies and Independent Organizations,0244,NL26DE13016246DE,https://www.usajobs.gov/job/877865800
877866000,2026-07-24,2026-07-30,National Labor Relations Board,Other Agencies and Independent Organizations,0244,NL26DE13016274DE,https://www.usajobs.gov/job/877866000
877866200,2026-07-24,2026-07-30,National Labor Relations Board,Other Agencies and Independent Organizations,0244,NL26DE13016260DE,https://www.usajobs.gov/job/877866200
877866400,2026-07-24,2026-07-30,National Labor Relations Board,Other Agencies and Independent Organizations,0244,NL26DE13016280DE,https://www.usajobs.gov/job/877866400
877997400,2026-07-24,2026-08-03,National Labor Relations Board,Other Agencies and Independent Organizations,0905,NL26EX13019709ZA,https://www.usajobs.gov/job/877997400
877997300,2026-07-24,2026-08-03,National Labor Relations Board,Other Agencies and Independent Organizations,0905,NL26EX13019792ZA,https://www.usajobs.gov/job/877997300
877923500,2026-07-24,2026-08-10,Office of Justice Programs,Department of Justice,0301,JP-26-009,https://www.usajobs.gov/job/877923500
877995500,2026-07-24,2026-07-31,Social Security Administration,Other Agencies and Independent Organizations,0602,SSA-13020750-26-DHA-HR,https://www.usajobs.gov/job/877995500
877917100,2026-07-27,2026-08-10,Bureau of Engraving and Printing,Department of the Treasury,0301,26-BEP-13003707-P,https://www.usajobs.gov/job/877917100
877994900,2026-07-27,2026-08-14,Development Finance Corporation,Other Agencies and Independent Organizations,1101,26-OHA/OSBFS-DE-13019506-AQ,https://www.usajobs.gov/job/877994900
878156400,2026-07-27,2026-08-04,Equal Employment Opportunity Commission,Other Agencies and Independent Organizations,1860,DE-13016365-26-FRB,https://www.usajobs.gov/job/878156400
878152100,2026-07-27,2026-08-04,Equal Employment Opportunity Commission,Other Agencies and Independent Organizations,1802,DE-12999729-26-FRB,https://www.usajobs.gov/job/878152100
877955600,2026-07-27,2026-08-10,Export-Import Bank of the United States,Other Agencies and Independent Organizations,0501,M26-AR-13014476-CFO,https://www.usajobs.gov/job/877955600
877954300,2026-07-27,2026-08-10,Export-Import Bank of the United States,Other Agencies and Independent Organizations,0501,D26-AR-13014475-CFO,https://www.usajobs.gov/job/877954300
878013900,2026-07-27,2026-08-05,Federal Highway Administration,Department of Transportation,0810,FHWA.DH-2026-0006,https://www.usajobs.gov/job/878013900
877950800,2026-07-27,2026-08-10,Federal Transit Administration,Department of Transportation,0020,FTA.RO-2026-0014,https://www.usajobs.gov/job/877950800
878020800,2026-07-27,2026-07-31,Social Security Administration,Other Agencies and Independent Organizations,0105,SSA-13020882-DHA-26-FO,https://www.usajobs.gov/job/878020800
878079100,2026-07-27,2026-07-31,Social Security Administration,Other Agencies and Independent Organizations,0105,SSA-13020812-DHA-26-FO,https://www.usajobs.gov/job/878079100
878023200,2026-07-27,2026-08-07,Social Security Administration,Other Agencies and Independent Organizations,1560,SSA-13019906-26-DHA-RQ,https://www.usajobs.gov/job/878023200
877960200,2026-07-27,2026-08-10,Social Security Administration,Other Agencies and Independent Organizations,2210,SSA-12965725-26-DHA-CIO,https://www.usajobs.gov/job/877960200
878023600,2026-07-27,2026-07-31,Social Security Administration,Other Agencies and Independent Organizations,1102,SSA-13020029-26-COSS   DH,https://www.usajobs.gov/job/878023600
878116900,2026-07-28,2026-08-18,Federal Highway Administration,Department of Transportation,0810,FHWA.DH-2026-0007,https://www.usajobs.gov/job/878116900
878337000,2026-07-28,2026-08-06,Federal Highway Administration,Department of Transportation,0340,FHWA.WFL-2026-0008,https://www.usajobs.gov/job/878337000
878254700,2026-07-28,2026-08-10,Government Publishing Office,Legislative Branch,4402,26-13005497-DE-SL,https://www.usajobs.gov/job/878254700
878061500,2026-07-28,2026-08-06,National Cemetery Administration,Department of Veterans Affairs,1630,RP-26-RMA-13021595-828-DE,https://www.usajobs.gov/job/878061500
878154700,2026-07-28,2026-08-06,National Cemetery Administration,Department of Veterans Affairs,5716,RP-26-RMA-13021678-922-DE,https://www.usajobs.gov/job/878154700
878114700,2026-07-28,2026-08-10,National Gallery of Art,Other Agencies and Independent Organizations,1015,26-NGA-195-DE,https://www.usajobs.gov/job/878114700
878199000,2026-07-28,2026-08-11,National Gallery of Art,Other Agencies and Independent Organizations,0303,NGA-26-163-DE,https://www.usajobs.gov/job/878199000
878341000,2026-07-28,2026-08-04,National Labor Relations Board,Other Agencies and Independent Organizations,2210,NL26DH13022092CF,https://www.usajobs.gov/job/878341000
878339900,2026-07-28,2026-08-04,National Labor Relations Board,Other Agencies and Independent Organizations,2210,NL26DH13021539CF,https://www.usajobs.gov/job/878339900
878287800,2026-07-28,2026-08-17,"Offices, Boards and Divisions",Department of Justice,0340,DOJ-OVW-26-13020289-DE,https://www.usajobs.gov/job/878287800
878207600,2026-07-28,2026-08-03,"Treasury, Departmental Offices",Department of the Treasury,0201,26-DO-13014707-P,https://www.usajobs.gov/job/878207600
878260700,2026-07-28,2026-08-11,U.S. International Trade Commission,Other Agencies and Independent Organizations,2210,DH-26-59-DF,https://www.usajobs.gov/job/878260700
878211800,2026-07-29,2026-08-17,Federal Highway Administration,Department of Transportation,0810,FHWA.FO-2026-0014,https://www.usajobs.gov/job/878211800
878341300,2026-07-29,2026-08-26,Federal Highway Administration,Department of Transportation,0810,FHWA.HAD-2026-0007,https://www.usajobs.gov/job/878341300
878379000,2026-07-29,2026-08-12,National Gallery of Art,Other Agencies and Independent Organizations,0301,NGA-26-211-DE,https://www.usajobs.gov/job/878379000
878435700,2026-07-29,2026-08-11,Other Agencies and Independent Organizations,Department of Transportation,2101,FTA.R7-2026-0002,https://www.usajobs.gov/job/878435700
878295600,2026-07-29,2026-08-02,Social Security Administration,Other Agencies and Independent Organizations,0105,SSA-13022093-DHA-26-FO,https://www.usajobs.gov/job/878295600
878296000,2026-07-29,2026-08-02,Social Security Administration,Other Agencies and Independent Organizations,0105,SSA-13022304-DHA-26-FO,https://www.usajobs.gov/job/878296000
878345100,2026-07-29,2026-08-04,Social Security Administration,Other Agencies and Independent Organizations,0105,SSA-13022327-DHA-26-FO,https://www.usajobs.gov/job/878345100
878365800,2026-07-29,2026-08-06,Southwestern Power Administration,Department of Energy,1130,26-SW-00941-13020523-DE,https://www.usajobs.gov/job/878365800
878213700,2026-07-29,2026-08-07,Western Area Power Administration,Department of Energy,5803,26-WJ-00978-1321147-DE,https://www.usajobs.gov/job/878213700
878473900,2026-07-30,2026-08-12,Bureau of the Fiscal Service,Department of the Treasury,0343,26-FS-13019586-P,https://www.usajobs.gov/job/878473900
878677100,2026-07-30,2026-08-07,Equal Employment Opportunity Commission,Other Agencies and Independent Organizations,0301,DE-13022917-26-MG,https://www.usajobs.gov/job/878677100
878423900,2026-07-30,2026-08-20,National Gallery of Art,Other Agencies and Independent Organizations,1016,NGA-26-214-DE,https://www.usajobs.gov/job/878423900
878610100,2026-07-30,2026-08-10,National Highway Traffic Safety Administration,Department of Transportation,0801,NHTSA.NRM-2026-0008,https://www.usajobs.gov/job/878610100
878723300,2026-07-30,2026-08-10,National Labor Relations Board,Other Agencies and Independent Organizations,0905,NL26EX13021333CF,https://www.usajobs.gov/job/878723300
878573400,2026-07-30,2027-01-30,Social Security Administration,Other Agencies and Independent Organizations,2210,SSA-13019337-26-DHA-CIO,https://www.usajobs.gov/job/878573400
878397800,2026-07-30,2026-08-13,Social Security Administration,Other Agencies and Independent Organizations,2210,SSA-13021462-26-DHA-CIO,https://www.usajobs.gov/job/878397800
878836400,2026-07-31,2026-08-10,Equal Employment Opportunity Commission,Other Agencies and Independent Organizations,0962,DE-13023322-26-MG,https://www.usajobs.gov/job/878836400
878792800,2026-07-31,2026-08-13,Federal Transit Administration,Department of Transportation,0020,FTA.TPE-2026-0003,https://www.usajobs.gov/job/878792800
878763900,2026-07-31,2026-08-13,Maritime Administration,Department of Transportation,1109,MARAD.HQ-2026-0025,https://www.usajobs.gov/job/878763900
878844000,2026-07-31,2026-08-14,Office of the Comptroller of the Currency,Department of the Treasury,0570,EXT-MT-26-5530-13021658,https://www.usajobs.gov/job/878844000
878870700,2026-07-31,2026-08-14,Office of the Comptroller of the Currency,Department of the Treasury,0570,EXT-CA-26-5532-13023434,https://www.usajobs.gov/job/878870700
878709100,2026-07-31,2026-08-10,Office of the Secretary of Transportation,Department of Transportation,0028,OST.DH-2026-0001,https://www.usajobs.gov/job/878709100
878763600,2026-07-31,2026-08-07,Social Security Administration,Other Agencies and Independent Organizations,0602,SSA-13025138-26-DHA-HR,https://www.usajobs.gov/job/878763600
878779900,2026-08-03,2026-08-17,National Gallery of Art,Other Agencies and Independent Organizations,1101,NGA-26-059R-DE,https://www.usajobs.gov/job/878779900
878846800,2026-08-03,2026-08-07,Social Security Administration,Other Agencies and Independent Organizations,0105,SSA-13023945-26-RQ DHA,https://www.usajobs.gov/job/878846800
879199100,2026-08-04,2026-08-18,Federal Communications Commission,Other Agencies and Independent Organizations,0511,DEU-OIG-2026-007,https://www.usajobs.gov/job/879199100
878987900,2026-08-04,2026-08-11,National Cemetery Administration,Department of Veterans Affairs,5823,RP-26-RMA-13026932-888-DE,https://www.usajobs.gov/job/878987900
879184100,2026-08-04,2026-08-18,Other Agencies and Independent Organizations,Court Services and Offender Supervision Agency for DC,0101,OLIPA-26-13028226-VW-DE,https://www.usajobs.gov/job/879184100
879176300,2026-08-04,2026-08-18,Western Area Power Administration,Department of Energy,0855 | 0850,26-WA-00527-13024581-DE,https://www.usajobs.gov/job/879176300
879340600,2026-08-05,2026-08-12,Equal Employment Opportunity Commission,Other Agencies and Independent Organizations,0301,DE-13006681-26-FRB,https://www.usajobs.gov/job/879340600
879350600,2026-08-05,2026-08-19,Equal Employment Opportunity Commission,Other Agencies and Independent Organizations,1035,DE-13024952-26-FRB,https://www.usajobs.gov/job/879350600
879311200,2026-08-05,2026-08-14,Federal Highway Administration,Department of Transportation,0340,FHWA.WFL-2026-0009,https://www.usajobs.gov/job/879311200
879318600,2026-08-05,2026-08-18,Federal Highway Administration,Department of Transportation,0501,FHWA.DH-2026-0010,https://www.usajobs.gov/job/879318600
879473900,2026-08-05,2026-08-10,National Labor Relations Board,Other Agencies and Independent Organizations,1102,NL26DH13027705ZA,https://www.usajobs.gov/job/879473900
879475100,2026-08-05,2026-08-10,National Labor Relations Board,Other Agencies and Independent Organizations,0343,NL26DE13029401ZA,https://www.usajobs.gov/job/879475100
879287900,2026-08-05,2026-08-17,Other Agencies and Independent Organizations,Department of Energy,2210,26-SE-00965-13020979-DE,https://www.usajobs.gov/job/879287900
879379200,2026-08-05,2026-08-14,Western Area Power Administration,Department of Energy,0850,26-WN-01008-123028696-DE,https://www.usajobs.gov/job/879379200
879407800,2026-08-06,2026-08-12,Bureau of the Fiscal Service,Department of the Treasury,0511,26-FS-13022335-P,https://www.usajobs.gov/job/879407800
879358500,2026-08-06,2026-08-12,Bureau of the Fiscal Service,Department of the Treasury,0343,26-FS-13025592-P,https://www.usajobs.gov/job/879358500
879389000,2026-08-06,2026-08-12,Internal Revenue Service,Department of the Treasury,0301,CCLO-26-13007099-DE,https://www.usajobs.gov/job/879389000
879483000,2026-08-06,2026-08-20,Western Area Power Administration,Department of Energy,0510,26-WA-00979-13021329-DE,https://www.usajobs.gov/job/879483000
879401000,2026-08-07,2026-08-21,Bureau of Engraving and Printing,Department of the Treasury,1101,26-BEP-13026069-P,https://www.usajobs.gov/job/879401000
879719600,2026-08-07,2026-08-13,Bureau of Industry and Security,Department of Commerce,2210,BIS-OCIO-DE-26-13030101,https://www.usajobs.gov/job/879719600
879719300,2026-08-07,2026-08-13,Bureau of Industry and Security,Department of Commerce,2210,BIS-OCIO-DE-26-13030103,https://www.usajobs.gov/job/879719300
879581700,2026-08-07,2026-08-21,Federal Highway Administration,Department of Transportation,0810,FHWA.FO-2026-0015,https://www.usajobs.gov/job/879581700
879769300,2026-08-07,2026-08-26,Federal Highway Administration,Department of Transportation,0810,FHWA.DH-2026-0011,https://www.usajobs.gov/job/879769300
879686100,2026-08-07,2026-08-17,Federal Highway Administration,Department of Transportation,0340,FHWA.DH-2026-0008,https://www.usajobs.gov/job/879686100
879821000,2026-08-07,2026-08-14,"Offices, Boards and Divisions",Department of Justice,0341,26-FRD-JS-026,https://www.usajobs.gov/job/879821000
879649800,2026-08-07,2026-08-21,U.S. Census Bureau,Department of Commerce,1550,26-HRD-13027320-DE-JLW,https://www.usajobs.gov/job/879649800
879866800,2026-08-09,2026-09-30,Bureau of Prisons/Federal Prison System,Department of Justice,0060,CHAP-2026-0004,https://www.usajobs.gov/job/879866800
879869900,2026-08-10,2026-08-21,Development Finance Corporation,Other Agencies and Independent Organizations,1101,26-OGBD-DE-13029177-AQ,https://www.usajobs.gov/job/879869900
879869400,2026-08-10,2026-08-21,Development Finance Corporation,Other Agencies and Independent Organizations,1101,26-OHA-DE-13030138-AQ,https://www.usajobs.gov/job/879869400
879936600,2026-08-10,2026-08-14,Federal Emergency Management Agency,Department of Homeland Security,0089,FEMA-AC-13032205-DE,https://www.usajobs.gov/job/879936600
879845700,2026-08-10,2026-08-24,Federal Highway Administration,Department of Transportation,0810,FHWA.FO-2026-0016,https://www.usajobs.gov/job/879845700
879989700,2026-08-10,2026-08-17,"Offices, Boards and Divisions",Department of Justice,0901,DOJ-FRD-26-13030294-RG,https://www.usajobs.gov/job/879989700
879757900,2026-08-10,2026-08-14,Other Agencies and Independent Organizations,Department of Energy,0511,26-IG-13030322-DE-KP,https://www.usajobs.gov/job/879757900
880086200,2026-08-11,2026-08-19,Equal Employment Opportunity Commission,Other Agencies and Independent Organizations,1040,DE-13024374-26-SM,https://www.usajobs.gov/job/880086200
880123800,2026-08-11,2026-08-24,Federal Motor Carrier Safety Administration,Department of Transportation,0340,FMCSA.S-2026-0008,https://www.usajobs.gov/job/880123800
880031100,2026-08-11,2026-08-25,Other Agencies and Independent Organizations,National Foundation on the Arts and the Humanities,1109,DE-13014136-26-AH,https://www.usajobs.gov/job/880031100
880092200,2026-08-11,2026-08-24,Pipeline and Hazardous Materials Safety Administration,Department of Transportation,0801,PHMSA.PSRG-2026-0019,https://www.usajobs.gov/job/880092200
880125200,2026-08-11,2026-08-20,Southwestern Power Administration,Department of Energy,4741,26-SW-01039-13032471-DE,https://www.usajobs.gov/job/880125200
880104400,2026-08-12,2026-08-25,Federal Motor Carrier Safety Administration,Department of Transportation,0340,FMCSA.S-2026-0008,https://www.usajobs.gov/job/880104400
879929500,2026-08-13,2026-08-19,Bureau of the Fiscal Service,Department of the Treasury,0501,26-FS-13025422-P,https://www.usajobs.gov/job/879929500
880408400,2026-08-13,2026-08-20,Equal Employment Opportunity Commission,Other Agencies and Independent Organizations,0510,DE-13030681-26-MC,https://www.usajobs.gov/job/880408400
880406600,2026-08-13,2026-08-20,Equal Employment Opportunity Commission,Other Agencies and Independent Organizations,1860,DE-13034218-26-FRB,https://www.usajobs.gov/job/880406600
880385400,2026-08-13,2026-08-27,Federal Motor Carrier Safety Administration,Department of Transportation,0340,FMCSA.S-2026-0011,https://www.usajobs.gov/job/880385400
880242000,2026-08-13,2026-08-27,Federal Transit Administration,Department of Transportation,2101,FTA.RO-2026-0015,https://www.usajobs.gov/job/880242000
880303500,2026-08-13,2026-08-27,Social Security Administration,Other Agencies and Independent Organizations,2210,SSA-13032439-26-DHA-CIO,https://www.usajobs.gov/job/880303500
880348100,2026-08-13,2026-08-24,Western Area Power Administration,Department of Energy,0855,26-WB-01094-13035088-DE,https://www.usajobs.gov/job/880348100
880524700,2026-08-14,2026-08-27,Bureau of Engraving and Printing,Department of the Treasury,0028,26-BEP-13030801-P,https://www.usajobs.gov/job/880524700
880598000,2026-08-14,2026-09-04,Development Finance Corporation,Other Agencies and Independent Organizations,1101,26-OE-DE-13034889-AQ,https://www.usajobs.gov/job/880598000
880505600,2026-08-14,2026-08-20,National Institute of Standards and Technology,Department of Commerce,1150,MEPP-482-26-13034026-DE,https://www.usajobs.gov/job/880505600
880343900,2026-08-14,2026-08-21,Social Security Administration,Other Agencies and Independent Organizations,2210,SSA-13020506-26-DHA-CIO,https://www.usajobs.gov/job/880343900
880840800,2026-08-17,2026-08-28,Federal Highway Administration,Department of Transportation,0340,FHWA.DH-2026-0013,https://www.usajobs.gov/job/880840800
880802300,2026-08-17,2026-08-21,National Gallery of Art,Other Agencies and Independent Organizations,1016,NGA-26-212-DE,https://www.usajobs.gov/job/880802300
880826800,2026-08-17,2026-08-31,National Gallery of Art,Other Agencies and Independent Organizations,0830,NGA-26-111R-DE,https://www.usajobs.gov/job/880826800
880855900,2026-08-17,2026-08-28,Western Area Power Administration,Department of Energy,0850,26-WB-00999-13025099-DE,https://www.usajobs.gov/job/880855900
880717600,2026-08-18,2026-08-24,Bureau of the Fiscal Service,Department of the Treasury,0501,26-FS-13032954-P,https://www.usajobs.gov/job/880717600
880973300,2026-08-18,2026-08-26,Bureau of the Fiscal Service,Department of the Treasury,0301,26-FS-13024915-P,https://www.usajobs.gov/job/880973300
880977200,2026-08-18,2026-08-31,Bureau of the Fiscal Service,Department of the Treasury,1805,26-FS-13031035-P,https://www.usajobs.gov/job/880977200
881087400,2026-08-18,2026-09-01,National Gallery of Art,Other Agencies and Independent Organizations,3605,NGA-26-126-DE,https://www.usajobs.gov/job/881087400
881157800,2026-08-18,2026-08-21,National Labor Relations Board,Other Agencies and Independent Organizations,0341,NL26DE13041139DE,https://www.usajobs.gov/job/881157800
881158200,2026-08-18,2026-08-21,National Labor Relations Board,Other Agencies and Independent Organizations,0301,NL26DE13042160DE,https://www.usajobs.gov/job/881158200
880967000,2026-08-18,2026-08-25,U.S. Census Bureau,Department of Commerce,0150,26-HRD-12877135-RG-JLW,https://www.usajobs.gov/job/880967000
880926200,2026-08-18,2026-08-28,Western Area Power Administration,Department of Energy,0855 | 0850,26-WJ-00026507-13029842-DE,https://www.usajobs.gov/job/880926200
881077900,2026-08-19,2026-09-02,Export-Import Bank of the United States,Other Agencies and Independent Organizations,1165,D26-MJ-13025980-OBAF,https://www.usajobs.gov/job/881077900
881078700,2026-08-19,2026-09-02,Export-Import Bank of the United States,Other Agencies and Independent Organizations,1165,M26-MJ-13025984-OBAF,https://www.usajobs.gov/job/881078700
880505800,2026-08-19,2026-09-02,Federal Emergency Management Agency,Department of Homeland Security,0080,FEMA-KR-13035943-DE,https://www.usajobs.gov/job/880505800
881106100,2026-08-19,2026-08-26,National Science Foundation,Other Agencies and Independent Organizations,1102,CFO-26-13019788,https://www.usajobs.gov/job/881106100
