usajobsControlNumber,positionOpenDate,positionCloseDate,hiringAgencyName,hiringDepartmentName,occupationalSeries,announcementNumber,link,status,month,names_it
855359900,2026-01-23,2026-01-29,"Offices, Boards and Divisions",Department of Justice,0950,DE-12870947-26-BLC,https://www.usajobs.gov/job/855359900,applied,2026-01,rule of many
855330700,2026-01-26,2026-07-24,Social Security Administration,Other Agencies and Independent Organizations,2210,SH12871114-26-DHA,https://www.usajobs.gov/job/855330700,negated,2026-01,rule of many
855341900,2026-01-26,2026-07-24,Social Security Administration,Other Agencies and Independent Organizations,2210,SH12871342-26-DHA,https://www.usajobs.gov/job/855341900,negated,2026-01,rule of many
855342800,2026-01-26,2026-07-24,Social Security Administration,Other Agencies and Independent Organizations,2210,SH12871142-26-DHA,https://www.usajobs.gov/job/855342800,negated,2026-01,rule of many
856552100,2026-02-05,2026-08-04,Social Security Administration,Other Agencies and Independent Organizations,2210,SSA12876657-26-DHA-CIO,https://www.usajobs.gov/job/856552100,negated,2026-02,rule of many
856629100,2026-02-06,2026-08-05,Social Security Administration,Other Agencies and Independent Organizations,2210,SSA12879164-26-DHA-CIO,https://www.usajobs.gov/job/856629100,negated,2026-02,rule of many
856707700,2026-02-06,2026-08-05,Social Security Administration,Other Agencies and Independent Organizations,2210,SSA12879403-26-DHA-CIO,https://www.usajobs.gov/job/856707700,negated,2026-02,rule of many
856720800,2026-02-06,2026-08-05,Social Security Administration,Other Agencies and Independent Organizations,2210,SSA12879163-26-DHA-CIO,https://www.usajobs.gov/job/856720800,negated,2026-02,rule of many
856726500,2026-02-06,2026-08-05,Social Security Administration,Other Agencies and Independent Organizations,2210,SSA12876857-26-DHA-CIO,https://www.usajobs.gov/job/856726500,negated,2026-02,rule of many
856787000,2026-02-06,2026-08-05,Social Security Administration,Other Agencies and Independent Organizations,2210,SSA12879364-26-DHA-CIO,https://www.usajobs.gov/job/856787000,negated,2026-02,rule of many
858058400,2026-02-12,2026-03-19,Bureau of Prisons/Federal Prison System,Department of Justice,0060,CHAP-2026-0002,https://www.usajobs.gov/job/858058400,applied,2026-02,rule of many
857515500,2026-02-12,2026-02-27,Federal Communications Commission,Other Agencies and Independent Organizations,0301,DEU-OMD-2026-002,https://www.usajobs.gov/job/857515500,applied,2026-02,rule of many
857523200,2026-02-12,2026-03-02,Federal Communications Commission,Other Agencies and Independent Organizations,0201,MP-OMD-2026-001,https://www.usajobs.gov/job/857523200,applied,2026-02,rule of many
857581400,2026-02-12,2026-03-09,Federal Communications Commission,Other Agencies and Independent Organizations,0510,DEU-OMD-2026-006,https://www.usajobs.gov/job/857581400,applied,2026-02,rule of many
857694500,2026-02-13,2026-03-13,Federal Communications Commission,Other Agencies and Independent Organizations,0855,DEU-EB-2026-002,https://www.usajobs.gov/job/857694500,applied,2026-02,rule of many
857713800,2026-02-17,2026-02-23,Federal Communications Commission,Other Agencies and Independent Organizations,0855,DEU-OET-2026-002,https://www.usajobs.gov/job/857713800,applied,2026-02,rule of many
858904800,2026-02-25,2026-03-11,Bureau of Prisons/Federal Prison System,Department of Justice,0060,SCR-2026-0149,https://www.usajobs.gov/job/858904800,applied,2026-02,rule of many
859611200,2026-03-03,2026-03-16,U.S. Census Bureau,Department of Commerce,1530,26-BOC-12894219-MP-BTE,https://www.usajobs.gov/job/859611200,applied,2026-03,rule of many
859903500,2026-03-04,2026-03-19,Federal Communications Commission,Other Agencies and Independent Organizations,0560,DEU-OMD-2026-003,https://www.usajobs.gov/job/859903500,applied,2026-03,rule of many
859667400,2026-03-04,2026-08-31,Social Security Administration,Other Agencies and Independent Organizations,2210,SSA12900535-26-DHA-CIO,https://www.usajobs.gov/job/859667400,negated,2026-03,rule of many
859667500,2026-03-04,2026-08-31,Social Security Administration,Other Agencies and Independent Organizations,2210,SSA12901062-26-DHA-CIO,https://www.usajobs.gov/job/859667500,negated,2026-03,rule of many
859683600,2026-03-04,2026-03-17,U.S. Census Bureau,Department of Commerce,2210,26-HRD-12891040-RG-JLW,https://www.usajobs.gov/job/859683600,applied,2026-03,rule of many
859752100,2026-03-04,2026-03-17,U.S. Census Bureau,Department of Commerce,0343,26-HRD-12887992-RG-JLW,https://www.usajobs.gov/job/859752100,applied,2026-03,rule of many
859872600,2026-03-04,2026-03-18,U.S. Census Bureau,Department of Commerce,1531,26-SPB-12901646-DE-DS,https://www.usajobs.gov/job/859872600,applied,2026-03,rule of many
859750900,2026-03-05,2026-09-03,Social Security Administration,Other Agencies and Independent Organizations,2210,SSA12901349-DHA-CIO,https://www.usajobs.gov/job/859750900,negated,2026-03,rule of many
859884600,2026-03-05,2026-09-03,Social Security Administration,Other Agencies and Independent Organizations,2210,SSA-129014010-26-DHA-CIO,https://www.usajobs.gov/job/859884600,negated,2026-03,rule of many
859907200,2026-03-05,2026-09-03,Social Security Administration,Other Agencies and Independent Organizations,2210,SSA-12901003-26-DHA,https://www.usajobs.gov/job/859907200,negated,2026-03,rule of many
859910100,2026-03-05,2026-09-03,Social Security Administration,Other Agencies and Independent Organizations,2210,SSA-12901926-26-CIO,https://www.usajobs.gov/job/859910100,negated,2026-03,rule of many
859910400,2026-03-05,2026-09-03,Social Security Administration,Other Agencies and Independent Organizations,2210,SSA-12901781-26-CIO,https://www.usajobs.gov/job/859910400,negated,2026-03,rule of many
860046900,2026-03-05,2026-03-19,U.S. Census Bureau,Department of Commerce,0343,26-BOC-12898408-ST-AW,https://www.usajobs.gov/job/860046900,applied,2026-03,rule of many
859969400,2026-03-06,2026-03-20,Office of the Comptroller of the Currency,Department of the Treasury,2210,DH-HQ-WT-26-5474-12892285,https://www.usajobs.gov/job/859969400,negated,2026-03,rule of many
860040900,2026-03-06,2026-09-04,Social Security Administration,Other Agencies and Independent Organizations,2210,SSA12902633-DHA-26-CIO,https://www.usajobs.gov/job/860040900,negated,2026-03,rule of many
860057400,2026-03-06,2026-09-04,Social Security Administration,Other Agencies and Independent Organizations,2210,SSA-12902978-26-DHA-CIO,https://www.usajobs.gov/job/860057400,negated,2026-03,rule of many
860062700,2026-03-06,2026-09-04,Social Security Administration,Other Agencies and Independent Organizations,2210,SSA12902318-DHA-26-CIO,https://www.usajobs.gov/job/860062700,negated,2026-03,rule of many
860065800,2026-03-06,2026-09-04,Social Security Administration,Other Agencies and Independent Organizations,2210,SSA-12902608-DHA-26-CIO,https://www.usajobs.gov/job/860065800,negated,2026-03,rule of many
860168700,2026-03-09,2026-09-04,Social Security Administration,Other Agencies and Independent Organizations,2210,SSA-12903604-DHA-26-CIO,https://www.usajobs.gov/job/860168700,negated,2026-03,rule of many
860176400,2026-03-09,2026-09-04,Social Security Administration,Other Agencies and Independent Organizations,2210,SSA-129033733-DHA-26-CIO,https://www.usajobs.gov/job/860176400,negated,2026-03,rule of many
860200700,2026-03-09,2026-09-04,Social Security Administration,Other Agencies and Independent Organizations,2210,SSA-12904275-DHA-26-CIO,https://www.usajobs.gov/job/860200700,negated,2026-03,rule of many
860204700,2026-03-09,2026-09-04,Social Security Administration,Other Agencies and Independent Organizations,2210,SSA-12903720-DHA-26-CIO,https://www.usajobs.gov/job/860204700,negated,2026-03,rule of many
860215700,2026-03-09,2026-09-04,Social Security Administration,Other Agencies and Independent Organizations,2210,SSA-12904023-DHA-26-CIO,https://www.usajobs.gov/job/860215700,negated,2026-03,rule of many
860229600,2026-03-09,2026-09-04,Social Security Administration,Other Agencies and Independent Organizations,2210,SSA 12904808-DHA-26-CIO,https://www.usajobs.gov/job/860229600,negated,2026-03,rule of many
860240500,2026-03-09,2026-09-04,Social Security Administration,Other Agencies and Independent Organizations,2210,SSA-12903500-DHA-26-CIO,https://www.usajobs.gov/job/860240500,negated,2026-03,rule of many
860257100,2026-03-09,2026-09-04,Social Security Administration,Other Agencies and Independent Organizations,2210,SSA-12905084-DHA-26-CIO,https://www.usajobs.gov/job/860257100,negated,2026-03,rule of many
860399100,2026-03-09,2026-03-23,U.S. Census Bureau,Department of Commerce,0343,26-BOC-12900966-ST-AW,https://www.usajobs.gov/job/860399100,applied,2026-03,rule of many
860716300,2026-03-11,2026-03-17,"Commander, Navy Installations Command",Department of the Navy,0086,ST-12905860-26-LGP,https://www.usajobs.gov/job/860716300,applied,2026-03,rule of many
860677700,2026-03-11,2026-03-23,Consumer Product Safety Commission,Other Agencies and Independent Organizations,1035,1600CM-2026-0001,https://www.usajobs.gov/job/860677700,applied,2026-03,rule of many
860719600,2026-03-11,2026-03-25,Federal Communications Commission,Other Agencies and Independent Organizations,0301,DEU-OMD-2026-007,https://www.usajobs.gov/job/860719600,applied,2026-03,rule of many
861112300,2026-03-13,2026-03-27,Development Finance Corporation,Other Agencies and Independent Organizations,2210,26-OIT-DE-12902145-MB,https://www.usajobs.gov/job/861112300,applied,2026-03,rule of many
860968200,2026-03-13,2026-03-19,National Gallery of Art,Other Agencies and Independent Organizations,0303,NGA-26-048-NF,https://www.usajobs.gov/job/860968200,negated,2026-03,rule of many
861041900,2026-03-16,2026-03-20,"Commander, Navy Installations Command",Department of the Navy,0081,ST-12908816-26-ESM,https://www.usajobs.gov/job/861041900,applied,2026-03,rule of many
860563400,2026-03-16,2026-03-25,Consumer Product Safety Commission,Other Agencies and Independent Organizations,0950,3010CEL-2026-0002,https://www.usajobs.gov/job/860563400,applied,2026-03,rule of many
861267200,2026-03-16,2026-03-20,"Offices, Boards and Divisions",Department of Justice,0303,26-OAAG-AP-007,https://www.usajobs.gov/job/861267200,applied,2026-03,rule of many
861218500,2026-03-16,2026-09-11,Social Security Administration,Other Agencies and Independent Organizations,2210,SSA-12905796-26-DHA-CIO,https://www.usajobs.gov/job/861218500,negated,2026-03,rule of many
861560100,2026-03-18,2026-04-08,National Gallery of Art,Other Agencies and Independent Organizations,1016,NGA-26-086-DE,https://www.usajobs.gov/job/861560100,negated,2026-03,rule of many
861921300,2026-03-19,2026-09-30,Bureau of Prisons/Federal Prison System,Department of Justice,0060,CHAP-2026-0003,https://www.usajobs.gov/job/861921300,applied,2026-03,rule of many
862106600,2026-03-23,2026-04-03,Development Finance Corporation,Other Agencies and Independent Organizations,1801,26-OIG-DE-12913515-KS,https://www.usajobs.gov/job/862106600,applied,2026-03,rule of many
860995900,2026-03-23,2026-04-03,Social Security Administration,Other Agencies and Independent Organizations,1560,SSA-12907750-26-DHA-RQ,https://www.usajobs.gov/job/860995900,negated,2026-03,rule of many
860998700,2026-03-23,2026-04-03,Social Security Administration,Other Agencies and Independent Organizations,1560,SSA-12908266-26-DHA-RQ,https://www.usajobs.gov/job/860998700,negated,2026-03,rule of many
862040700,2026-03-23,2026-04-03,Social Security Administration,Other Agencies and Independent Organizations,0105,SSA-12910626-DHA26-RQ,https://www.usajobs.gov/job/862040700,negated,2026-03,rule of many
862616600,2026-03-25,2026-04-06,Equal Employment Opportunity Commission,Other Agencies and Independent Organizations,1860,DE-12918766-26-RW,https://www.usajobs.gov/job/862616600,applied,2026-03,rule of many
862771700,2026-03-26,2026-04-27,Federal Communications Commission,Other Agencies and Independent Organizations,0511,DEU-OIG-2026-001,https://www.usajobs.gov/job/862771700,applied,2026-03,rule of many
862701100,2026-03-26,2026-04-16,National Gallery of Art,Other Agencies and Independent Organizations,0830,NGA-26-111-DE,https://www.usajobs.gov/job/862701100,negated,2026-03,rule of many
862848600,2026-03-27,2026-04-30,Federal Communications Commission,Other Agencies and Independent Organizations,0854,PATHWAYS-FCC-2026-006,https://www.usajobs.gov/job/862848600,applied,2026-03,rule of many
862849700,2026-03-27,2026-04-30,Federal Communications Commission,Other Agencies and Independent Organizations,0855,PATHWAYS-FCC-2026-001,https://www.usajobs.gov/job/862849700,applied,2026-03,rule of many
862850500,2026-03-27,2026-04-30,Federal Communications Commission,Other Agencies and Independent Organizations,2210,PATHWAYS-FCC-2026-003,https://www.usajobs.gov/job/862850500,applied,2026-03,rule of many
862851400,2026-03-27,2026-04-30,Federal Communications Commission,Other Agencies and Independent Organizations,1550,PATHWAYS-FCC-2026-005,https://www.usajobs.gov/job/862851400,applied,2026-03,rule of many
862852900,2026-03-27,2026-04-17,Federal Communications Commission,Other Agencies and Independent Organizations,0110,PATHWAYS-OEA-2026-002,https://www.usajobs.gov/job/862852900,applied,2026-03,rule of many
862854100,2026-03-27,2026-04-17,Federal Communications Commission,Other Agencies and Independent Organizations,0110,PATHWAYS-OEA-2026-001,https://www.usajobs.gov/job/862854100,applied,2026-03,rule of many
863135400,2026-03-30,2026-04-08,Equal Employment Opportunity Commission,Other Agencies and Independent Organizations,1860,DE-12923951-26-MC,https://www.usajobs.gov/job/863135400,applied,2026-03,rule of many
863135300,2026-03-30,2026-04-06,Veterans Health Administration,Department of Veterans Affairs,2101,CBTF-12924145-26-JF,https://www.usajobs.gov/job/863135300,applied,2026-03,named mechanism
863385100,2026-03-31,2026-04-10,Equal Employment Opportunity Commission,Other Agencies and Independent Organizations,1802,DE-12908739-26-SM,https://www.usajobs.gov/job/863385100,applied,2026-03,rule of many
863069800,2026-03-31,2026-04-06,Naval Intelligence Activity,Department of the Navy,2210,ST-12923752-26-KEK,https://www.usajobs.gov/job/863069800,applied,2026-03,rule of many
863283900,2026-03-31,2026-04-03,Veterans Health Administration,Department of Veterans Affairs,0201,CBTF-12919153-26-KO,https://www.usajobs.gov/job/863283900,applied,2026-03,named mechanism
863194200,2026-04-01,2026-04-10,Federal Highway Administration,Department of Transportation,0028,FHWA.CFL-2026-0001,https://www.usajobs.gov/job/863194200,negated,2026-04,rule of many
863534700,2026-04-01,2026-04-02,Office of the Inspector General,Department of Justice,0343,RG-12926795-26-JS,https://www.usajobs.gov/job/863534700,negated,2026-04,rule of many
863431700,2026-04-01,2026-04-08,Veterans Health Administration,Department of Veterans Affairs,2005,CBTF-12922987-26-CT,https://www.usajobs.gov/job/863431700,applied,2026-04,named mechanism
863459500,2026-04-01,2026-04-06,Veterans Health Administration,Department of Veterans Affairs,0640,CBTF-12915919-26-CH,https://www.usajobs.gov/job/863459500,applied,2026-04,named mechanism
863477400,2026-04-01,2026-04-06,Veterans Health Administration,Department of Veterans Affairs,0341,CBTF-12919076-26-CJ,https://www.usajobs.gov/job/863477400,applied,2026-04,named mechanism
863581900,2026-04-02,2026-04-22,Development Finance Corporation,Other Agencies and Independent Organizations,0301,26-ODP-DE-12923363-BN,https://www.usajobs.gov/job/863581900,applied,2026-04,rule of many
863766900,2026-04-02,2026-04-14,Equal Employment Opportunity Commission,Other Agencies and Independent Organizations,1802,DE-12927312-26-SM,https://www.usajobs.gov/job/863766900,applied,2026-04,rule of many
863649000,2026-04-02,2026-04-30,Federal Communications Commission,Other Agencies and Independent Organizations,0511,DEU-OIG-2026-002,https://www.usajobs.gov/job/863649000,applied,2026-04,rule of many
863846900,2026-04-03,2026-04-13,Federal Highway Administration,Department of Transportation,0810,FHWA.EFL-2026-0002,https://www.usajobs.gov/job/863846900,negated,2026-04,rule of many
863599300,2026-04-03,2026-04-10,National Gallery of Art,Other Agencies and Independent Organizations,1016,NGA-26-065-DE,https://www.usajobs.gov/job/863599300,negated,2026-04,rule of many
863916200,2026-04-03,2026-04-24,Office of the Inspector General,Department of Justice,0343,RG-12929575-26-JS,https://www.usajobs.gov/job/863916200,negated,2026-04,rule of many
864140600,2026-04-07,2026-04-10,Veterans Health Administration,Department of Veterans Affairs,0671,CBTF-12927194-26-PB,https://www.usajobs.gov/job/864140600,applied,2026-04,named mechanism
864227200,2026-04-07,2026-04-10,Veterans Health Administration,Department of Veterans Affairs,0671,CBTF-12931395-26-PB,https://www.usajobs.gov/job/864227200,applied,2026-04,named mechanism
864200900,2026-04-08,2026-04-24,Federal Highway Administration,Department of Transportation,0810,FHWA.EFL-2026-0006,https://www.usajobs.gov/job/864200900,negated,2026-04,rule of many
864303200,2026-04-08,2026-10-08,Federal Highway Administration,Department of Transportation,0810,FHWA.CFL-2026-0005,https://www.usajobs.gov/job/864303200,negated,2026-04,rule of many
864328800,2026-04-08,2026-04-21,Federal Highway Administration,Department of Transportation,0501,FHWA.FO-2026-0004,https://www.usajobs.gov/job/864328800,negated,2026-04,rule of many
864316400,2026-04-08,2026-04-21,Office of the Secretary of Transportation,Department of Transportation,0560,OST.B-2026-0002,https://www.usajobs.gov/job/864316400,negated,2026-04,rule of many
864390900,2026-04-08,2026-04-20,Veterans Health Administration,Department of Veterans Affairs,0301,CBTF-12931537-26-TH,https://www.usajobs.gov/job/864390900,applied,2026-04,named mechanism
864512400,2026-04-09,2026-04-20,Federal Highway Administration,Department of Transportation,0810,FHWA.EFL-2026-0010,https://www.usajobs.gov/job/864512400,negated,2026-04,rule of many
864405500,2026-04-09,2026-04-20,Federal Highway Administration,Department of Transportation,0810,FHWA.EFL-2026-0008,https://www.usajobs.gov/job/864405500,negated,2026-04,rule of many
864443800,2026-04-09,2026-04-20,Federal Highway Administration,Department of Transportation,0501,FHWA.CFL-2026-0004,https://www.usajobs.gov/job/864443800,negated,2026-04,rule of many
864483900,2026-04-09,2026-10-06,Federal Highway Administration,Department of Transportation,0810,FHWA.CFL-2026-0003,https://www.usajobs.gov/job/864483900,negated,2026-04,rule of many
864335400,2026-04-09,2026-04-23,Other Agencies and Independent Organizations,Department of Transportation,0560,OST.B-2026-0003,https://www.usajobs.gov/job/864335400,negated,2026-04,rule of many
864634500,2026-04-09,2026-04-14,Veterans Health Administration,Department of Veterans Affairs,0343,CBTF-12929386-26-JF,https://www.usajobs.gov/job/864634500,applied,2026-04,named mechanism
864528900,2026-04-09,2026-04-20,Veterans Health Administration,Department of Veterans Affairs,0081,CBTF-12921132-26-PGM,https://www.usajobs.gov/job/864528900,applied,2026-04,named mechanism
864848400,2026-04-10,2026-04-20,Executive Office for Immigration Review,Department of Justice,0986,DE-12934273-26-RA,https://www.usajobs.gov/job/864848400,applied,2026-04,rule of many
864848200,2026-04-10,2026-04-20,Executive Office for Immigration Review,Department of Justice,0901,DE-12934796-26-RA,https://www.usajobs.gov/job/864848200,applied,2026-04,rule of many
864585500,2026-04-10,2026-05-01,Federal Highway Administration,Department of Transportation,0501,FHWA.FO-2026-0002,https://www.usajobs.gov/job/864585500,negated,2026-04,rule of many
864658100,2026-04-10,2026-04-23,Federal Highway Administration,Department of Transportation,0340,FHWA.WFL-2026-0003,https://www.usajobs.gov/job/864658100,negated,2026-04,rule of many
864665200,2026-04-10,2026-10-09,Federal Highway Administration,Department of Transportation,0810,FHWA.CFL-2026-0007,https://www.usajobs.gov/job/864665200,negated,2026-04,rule of many
864184800,2026-04-10,2026-04-16,National Endowment for the Arts,National Foundation on the Arts and the Humanities,2210,DE-12928591-26-CC,https://www.usajobs.gov/job/864184800,applied,2026-04,rule of many
864729700,2026-04-10,2026-04-24,National Gallery of Art,Other Agencies and Independent Organizations,0437,NGA-26-123-DE,https://www.usajobs.gov/job/864729700,negated,2026-04,rule of many
864788900,2026-04-10,2026-04-15,Social Security Administration,Other Agencies and Independent Organizations,2210,SSA-12930943-DHA-26-CIO,https://www.usajobs.gov/job/864788900,negated,2026-04,rule of many
864757300,2026-04-10,2026-04-15,Veterans Health Administration,Department of Veterans Affairs,0671,CBTF-12932386-26-JAH,https://www.usajobs.gov/job/864757300,applied,2026-04,named mechanism
864852200,2026-04-13,2026-04-27,National Gallery of Art,Other Agencies and Independent Organizations,0085,NGA-26-140-DE,https://www.usajobs.gov/job/864852200,negated,2026-04,rule of many
864852400,2026-04-13,2026-04-27,National Gallery of Art,Other Agencies and Independent Organizations,1670,NGA-26-117-DE,https://www.usajobs.gov/job/864852400,negated,2026-04,rule of many
864892400,2026-04-13,2026-04-17,National Gallery of Art,Other Agencies and Independent Organizations,0343,NGA-26-053-DE,https://www.usajobs.gov/job/864892400,negated,2026-04,rule of many
864867700,2026-04-13,2026-04-22,Veterans Health Administration,Department of Veterans Affairs,0344,CBTF-12930151-26-AM-FOXTROT,https://www.usajobs.gov/job/864867700,applied,2026-04,named mechanism
865047800,2026-04-14,2026-04-21,Equal Employment Opportunity Commission,Other Agencies and Independent Organizations,0301,DE-12933339-26-JB,https://www.usajobs.gov/job/865047800,applied,2026-04,rule of many
864932500,2026-04-14,2026-04-28,Federal Highway Administration,Department of Transportation,0501,FHWA.FO-2026-0003,https://www.usajobs.gov/job/864932500,negated,2026-04,rule of many
865103900,2026-04-14,2026-04-23,Federal Highway Administration,Department of Transportation,0501,FHWA.WFL-2026-0005,https://www.usajobs.gov/job/865103900,negated,2026-04,rule of many
865104800,2026-04-14,2026-04-20,Veterans Health Administration,Department of Veterans Affairs,0671,CBTF-12936022-26-JAH,https://www.usajobs.gov/job/865104800,applied,2026-04,named mechanism
865152200,2026-04-14,2026-04-24,Veterans Health Administration,Department of Veterans Affairs,0301,CBTF-12935339-26-JAH,https://www.usajobs.gov/job/865152200,applied,2026-04,named mechanism
865329400,2026-04-15,2026-05-18,Federal Communications Commission,Other Agencies and Independent Organizations,0511,DEU-OIG-2026-003,https://www.usajobs.gov/job/865329400,applied,2026-04,rule of many
865226100,2026-04-15,2026-04-24,Federal Highway Administration,Department of Transportation,2101,FHWA.HFL-2026-0003,https://www.usajobs.gov/job/865226100,negated,2026-04,rule of many
865188800,2026-04-15,2026-10-12,Social Security Administration,Other Agencies and Independent Organizations,2210,SSA-12925792-DHA-26-CIO,https://www.usajobs.gov/job/865188800,negated,2026-04,rule of many
865155700,2026-04-15,2026-10-12,Social Security Administration,Other Agencies and Independent Organizations,2210,SSA-12932184-DHA-26-CIO,https://www.usajobs.gov/job/865155700,negated,2026-04,rule of many
865142100,2026-04-15,2026-10-12,Social Security Administration,Other Agencies and Independent Organizations,2210,SSA-12931880-DHA-26-CIO,https://www.usajobs.gov/job/865142100,negated,2026-04,rule of many
865485200,2026-04-16,2026-05-18,Federal Communications Commission,Other Agencies and Independent Organizations,0511,DEU-OIG-2026-004,https://www.usajobs.gov/job/865485200,applied,2026-04,rule of many
865245800,2026-04-16,2026-04-27,Federal Highway Administration,Department of Transportation,0810,FHWA.WFL-2026-0004,https://www.usajobs.gov/job/865245800,negated,2026-04,rule of many
865271300,2026-04-16,2026-04-29,Federal Highway Administration,Department of Transportation,2101,FHWA.HPL-2026-0003,https://www.usajobs.gov/job/865271300,negated,2026-04,rule of many
865315600,2026-04-16,2026-10-13,Social Security Administration,Other Agencies and Independent Organizations,2210,SSA 12929257-26-DHA-CIO,https://www.usajobs.gov/job/865315600,negated,2026-04,rule of many
865420200,2026-04-16,2026-10-13,Social Security Administration,Other Agencies and Independent Organizations,2210,SSA-12916708-26-DHA-CIO,https://www.usajobs.gov/job/865420200,negated,2026-04,rule of many
865311500,2026-04-16,2026-04-23,Veterans Health Administration,Department of Veterans Affairs,1101,CBTF-12927985-26-CMS,https://www.usajobs.gov/job/865311500,applied,2026-04,named mechanism
865604700,2026-04-17,2026-04-30,Consumer Product Safety Commission,Other Agencies and Independent Organizations,2210,2441TSNE-2026-0001,https://www.usajobs.gov/job/865604700,applied,2026-04,rule of many
865656000,2026-04-17,2026-05-01,Federal Communications Commission,Other Agencies and Independent Organizations,0301,DEU-CGB-2026-001,https://www.usajobs.gov/job/865656000,applied,2026-04,rule of many
865564100,2026-04-17,2026-07-17,Western Area Power Administration,Department of Energy,0510,26-WA-00485-12932904-DE,https://www.usajobs.gov/job/865564100,applied,2026-04,rule of many
866053700,2026-04-20,2026-05-04,Executive Office for Immigration Review,Department of Justice,0501,DE-12941126-26-RA,https://www.usajobs.gov/job/866053700,applied,2026-04,rule of many
865922400,2026-04-20,2026-05-15,Federal Communications Commission,Other Agencies and Independent Organizations,0510,DEU-OMD-2026-004,https://www.usajobs.gov/job/865922400,applied,2026-04,rule of many
865679700,2026-04-20,2026-05-04,Federal Highway Administration,Department of Transportation,2101,FHWA.HPL-2026-0005,https://www.usajobs.gov/job/865679700,negated,2026-04,rule of many
865765800,2026-04-20,2026-04-24,Maritime Administration,Department of Transportation,0343,MARAD.MMA-2026-0037,https://www.usajobs.gov/job/865765800,negated,2026-04,rule of many
865858500,2026-04-20,2026-05-08,National Gallery of Art,Other Agencies and Independent Organizations,1101,NGA-26-058-DE,https://www.usajobs.gov/job/865858500,negated,2026-04,rule of many
865993300,2026-04-20,2026-05-01,National Gallery of Art,Other Agencies and Independent Organizations,1101,NGA-26-059-DE,https://www.usajobs.gov/job/865993300,negated,2026-04,rule of many
865739300,2026-04-20,2026-04-24,United States Fleet Forces Command,Department of the Navy,2854,ST-12936703-26-BMB,https://www.usajobs.gov/job/865739300,applied,2026-04,rule of many
865944500,2026-04-20,2026-04-24,Veterans Health Administration,Department of Veterans Affairs,2003,CBTF-12941231-26-LB,https://www.usajobs.gov/job/865944500,applied,2026-04,rule of many
865597600,2026-04-20,2026-04-27,Veterans Health Administration,Department of Veterans Affairs,0303,CBTF-12927011-26-CMS,https://www.usajobs.gov/job/865597600,applied,2026-04,named mechanism
865979200,2026-04-21,2026-10-19,Federal Highway Administration,Department of Transportation,0810,FHWA.CFL-2026-0008,https://www.usajobs.gov/job/865979200,negated,2026-04,rule of many
866038800,2026-04-21,2026-05-05,National Gallery of Art,Other Agencies and Independent Organizations,1016,NGA-26-089-DE,https://www.usajobs.gov/job/866038800,negated,2026-04,rule of many
866034100,2026-04-21,2026-05-05,National Gallery of Art,Other Agencies and Independent Organizations,0085,NGA-26-141-DE,https://www.usajobs.gov/job/866034100,negated,2026-04,rule of many
866037700,2026-04-21,2026-05-05,National Gallery of Art,Other Agencies and Independent Organizations,1016,NGA-26-089-NF,https://www.usajobs.gov/job/866037700,negated,2026-04,rule of many
865888400,2026-04-21,2026-05-12,National Institute of Standards and Technology,Department of Commerce,0809,OFPM-194-26-12937953-AS,https://www.usajobs.gov/job/865888400,applied,2026-04,rule of many
866015800,2026-04-21,2026-04-30,Veterans Health Administration,Department of Veterans Affairs,0644,CBTF-12941210-26-WE,https://www.usajobs.gov/job/866015800,applied,2026-04,named mechanism
866017700,2026-04-21,2026-04-29,Veterans Health Administration,Department of Veterans Affairs,0308,CBTF-12928037-26-CW,https://www.usajobs.gov/job/866017700,applied,2026-04,named mechanism
866052700,2026-04-21,2026-04-29,Veterans Health Administration,Department of Veterans Affairs,0671,CBTF-12941977-26-PB,https://www.usajobs.gov/job/866052700,applied,2026-04,named mechanism
865697700,2026-04-22,2026-05-05,Federal Highway Administration,Department of Transportation,2101,FHWA.HPL-2026-0002,https://www.usajobs.gov/job/865697700,negated,2026-04,rule of many
866107100,2026-04-22,2026-05-13,Federal Highway Administration,Department of Transportation,0501,FHWA.CFL-2026-0012,https://www.usajobs.gov/job/866107100,negated,2026-04,rule of many
866179800,2026-04-22,2026-05-08,Office of the Secretary of Transportation,Department of Transportation,0801,OST.RVOLPE-2026-0008,https://www.usajobs.gov/job/866179800,negated,2026-04,rule of many
867273600,2026-04-22,2026-04-29,Other Agencies and Independent Organizations,Department of State,0201,M/HR-DEU-2026-0001,https://www.usajobs.gov/job/867273600,applied,2026-04,named mechanism
866248300,2026-04-22,2026-04-29,Other Agencies and Independent Organizations,Department of State,0201,M/HR-DEU-2026-0001,https://www.usajobs.gov/job/866248300,applied,2026-04,named mechanism
866276500,2026-04-22,2026-05-01,Veterans Health Administration,Department of Veterans Affairs,0301,CBTF-12940209-26-DM,https://www.usajobs.gov/job/866276500,applied,2026-04,named mechanism
866164700,2026-04-22,2026-05-01,Veterans Health Administration,Department of Veterans Affairs,0341,CBTF-12941681-26-KS,https://www.usajobs.gov/job/866164700,applied,2026-04,rule of many
866169300,2026-04-22,2026-04-30,Veterans Health Administration,Department of Veterans Affairs,0301,CBTF-12939908-26-ED,https://www.usajobs.gov/job/866169300,applied,2026-04,rule of many
866191800,2026-04-22,2026-05-01,Veterans Health Administration,Department of Veterans Affairs,0301,CBTF-12942388-26-KS,https://www.usajobs.gov/job/866191800,applied,2026-04,rule of many
866248000,2026-04-22,2026-04-30,Veterans Health Administration,Department of Veterans Affairs,0303,CBTF-12943171-26-TH,https://www.usajobs.gov/job/866248000,applied,2026-04,named mechanism
866261400,2026-04-22,2026-04-30,Veterans Health Administration,Department of Veterans Affairs,0301,CBTF-12935240-26-HW-Foxtrot,https://www.usajobs.gov/job/866261400,applied,2026-04,named mechanism
866129300,2026-04-22,2026-05-01,Western Area Power Administration,Department of Energy,1101,26-WG-00519-12942983-DE,https://www.usajobs.gov/job/866129300,applied,2026-04,rule of many
866240200,2026-04-23,2026-05-06,Development Finance Corporation,Other Agencies and Independent Organizations,0080,26-OCPO-DE-12942236-BN,https://www.usajobs.gov/job/866240200,applied,2026-04,rule of many
866467100,2026-04-23,2026-05-07,Federal Communications Commission,Other Agencies and Independent Organizations,0301,DEU-OEA-2026-001,https://www.usajobs.gov/job/866467100,applied,2026-04,rule of many
866322600,2026-04-23,2026-05-21,Federal Highway Administration,Department of Transportation,0501,FHWA.HAD-2026-0006,https://www.usajobs.gov/job/866322600,negated,2026-04,rule of many
866321500,2026-04-23,2026-05-21,Federal Highway Administration,Department of Transportation,0810,FHWA.HAD-2026-0004,https://www.usajobs.gov/job/866321500,negated,2026-04,rule of many
866322100,2026-04-23,2026-05-21,Federal Highway Administration,Department of Transportation,0020,FHWA.HAD-2026-0005,https://www.usajobs.gov/job/866322100,negated,2026-04,rule of many
866327000,2026-04-23,2026-05-07,National Institute of Standards and Technology,Department of Commerce,2010,OFPM-192-26-12944081-AS,https://www.usajobs.gov/job/866327000,applied,2026-04,rule of many
866437300,2026-04-23,2026-05-01,Veterans Health Administration,Department of Veterans Affairs,0301,CBTF-12945148-26-ED,https://www.usajobs.gov/job/866437300,applied,2026-04,rule of many
866478500,2026-04-23,2026-05-06,Veterans Health Administration,Department of Veterans Affairs,0080,CBTF-12941336-26-CJ,https://www.usajobs.gov/job/866478500,applied,2026-04,rule of many
866407400,2026-04-23,2026-05-04,Western Area Power Administration,Department of Energy,0850 | 0855,26-WA-00412-12942190-DE,https://www.usajobs.gov/job/866407400,applied,2026-04,rule of many
866358000,2026-04-24,2026-10-23,Federal Highway Administration,Department of Transportation,0810,FHWA.CFL-2026-0009,https://www.usajobs.gov/job/866358000,negated,2026-04,rule of many
866367400,2026-04-24,2026-05-14,Federal Highway Administration,Department of Transportation,0801,FHWA.HRT-2026-0001,https://www.usajobs.gov/job/866367400,negated,2026-04,rule of many
866499500,2026-04-24,2026-05-08,Federal Highway Administration,Department of Transportation,2101,FHWA.HPL-2026-0002,https://www.usajobs.gov/job/866499500,negated,2026-04,rule of many
866649500,2026-04-24,2026-05-08,Federal Transit Administration,Department of Transportation,0343,FTA.TSO-2026-0010,https://www.usajobs.gov/job/866649500,negated,2026-04,rule of many
866652800,2026-04-24,2026-04-27,Federal Transit Administration,Department of Transportation,0801,FTA.RO-2026-0009,https://www.usajobs.gov/job/866652800,negated,2026-04,rule of many
866590600,2026-04-24,2026-05-01,National Gallery of Art,Other Agencies and Independent Organizations,1016,NGA-26-135-DE,https://www.usajobs.gov/job/866590600,negated,2026-04,rule of many
866535300,2026-04-24,2026-05-13,National Institute of Standards and Technology,Department of Commerce,0802,OFPM-193-26-12944449-AS,https://www.usajobs.gov/job/866535300,applied,2026-04,rule of many
866548500,2026-04-24,2026-05-04,Veterans Health Administration,Department of Veterans Affairs,0671,CBTF-12943269-26-CT,https://www.usajobs.gov/job/866548500,applied,2026-04,named mechanism
866443500,2026-04-27,2026-05-08,Development Finance Corporation,Other Agencies and Independent Organizations,0301,26-ODP-DE-12939639-BN,https://www.usajobs.gov/job/866443500,applied,2026-04,rule of many
866760400,2026-04-27,2026-05-11,Executive Office for Immigration Review,Department of Justice,0501,DE-12944337-26-RA,https://www.usajobs.gov/job/866760400,applied,2026-04,rule of many
866884700,2026-04-27,2026-10-06,Federal Highway Administration,Department of Transportation,0810,FHWA-2026-0002,https://www.usajobs.gov/job/866884700,negated,2026-04,rule of many
865963800,2026-04-27,2026-05-05,National Endowment for the Arts,National Foundation on the Arts and the Humanities,2210,DE-12939836-26-JC,https://www.usajobs.gov/job/865963800,applied,2026-04,rule of many
866553000,2026-04-27,2026-05-05,National Endowment for the Arts,National Foundation on the Arts and the Humanities,1102,DE-12935188-26-JC,https://www.usajobs.gov/job/866553000,applied,2026-04,rule of many
866828700,2026-04-27,2026-05-20,Office of the Comptroller of the Currency,Department of the Treasury,0570,EXT-LJ-26-5478-12945496,https://www.usajobs.gov/job/866828700,applied,2026-04,rule of many
866679400,2026-04-27,2026-05-05,Veterans Health Administration,Department of Veterans Affairs,2102,CBTF-12941171-26-ED,https://www.usajobs.gov/job/866679400,applied,2026-04,rule of many
866724100,2026-04-27,2026-05-06,Veterans Health Administration,Department of Veterans Affairs,0303,CBTF-12944779-26-JD-Foxtrot,https://www.usajobs.gov/job/866724100,applied,2026-04,named mechanism
866742500,2026-04-27,2026-05-05,Veterans Health Administration,Department of Veterans Affairs,2101,CBTF-12946164-26-HW-Foxtrot,https://www.usajobs.gov/job/866742500,applied,2026-04,named mechanism
866751600,2026-04-27,2026-05-05,Veterans Health Administration,Department of Veterans Affairs,2010,CBTF-12946339-26-ED,https://www.usajobs.gov/job/866751600,applied,2026-04,rule of many
866953500,2026-04-28,2026-05-11,Federal Transit Administration,Department of Transportation,0340,FTA.RO-2026-0007,https://www.usajobs.gov/job/866953500,negated,2026-04,rule of many
866854600,2026-04-28,2026-05-11,Federal Transit Administration,Department of Transportation,0343,FTA.TSO-2026-0008,https://www.usajobs.gov/job/866854600,negated,2026-04,rule of many
867018900,2026-04-28,2026-05-11,Federal Transit Administration,Department of Transportation,0340,FTA.RO-2026-0011,https://www.usajobs.gov/job/867018900,negated,2026-04,rule of many
866932700,2026-04-28,2026-05-11,Federal Transit Administration,Department of Transportation,0801,FTA.RO-2026-0010,https://www.usajobs.gov/job/866932700,negated,2026-04,rule of many
866929700,2026-04-28,2026-05-12,Other Agencies and Independent Organizations,Department of State,0301,CA-2026-0084,https://www.usajobs.gov/job/866929700,applied,2026-04,named mechanism
867163000,2026-04-29,2026-05-06,Bureau of the Fiscal Service,Department of the Treasury,0510,26-FS-12948156-P,https://www.usajobs.gov/job/867163000,applied,2026-04,rule of many
866924400,2026-04-29,2026-05-06,Development Finance Corporation,Other Agencies and Independent Organizations,2210,26-OIT-DE-12942644-MB,https://www.usajobs.gov/job/866924400,applied,2026-04,rule of many
867061800,2026-04-29,2026-05-05,Federal Highway Administration,Department of Transportation,0028,FHWA.CFL-2026-0015,https://www.usajobs.gov/job/867061800,negated,2026-04,rule of many
867253300,2026-04-29,2026-05-13,Federal Highway Administration,Department of Transportation,1560,FHWA.HRT-2026-0002,https://www.usajobs.gov/job/867253300,negated,2026-04,rule of many
867221800,2026-04-29,2026-05-13,Other Agencies and Independent Organizations,Department of State,0343,CA-2026-0124,https://www.usajobs.gov/job/867221800,applied,2026-04,named mechanism
867283000,2026-04-29,2026-05-14,"Treasury, Departmental Offices",Department of the Treasury,0301,26-DO-12949006-P,https://www.usajobs.gov/job/867283000,applied,2026-04,rule of many
867280300,2026-04-29,2026-05-14,"Treasury, Departmental Offices",Department of the Treasury,0301,26-DO-12949007-P,https://www.usajobs.gov/job/867280300,applied,2026-04,rule of many
865471700,2026-04-30,2026-05-01,Federal Communications Commission,Other Agencies and Independent Organizations,0343,fcc-test-2026-002,https://www.usajobs.gov/job/865471700,applied,2026-04,rule of many
865459300,2026-04-30,2026-05-01,Federal Communications Commission,Other Agencies and Independent Organizations,0343,fcc-test-2026-002,https://www.usajobs.gov/job/865459300,applied,2026-04,rule of many
867188000,2026-04-30,2026-05-11,Federal Highway Administration,Department of Transportation,0810,FHWA.EFL-2026-0013,https://www.usajobs.gov/job/867188000,negated,2026-04,rule of many
867237700,2026-04-30,2026-05-13,Federal Transit Administration,Department of Transportation,2101,FTA.R3-2026-0001,https://www.usajobs.gov/job/867237700,negated,2026-04,rule of many
867240700,2026-04-30,2026-05-13,Federal Transit Administration,Department of Transportation,2101,FTA.R10-2026-0001,https://www.usajobs.gov/job/867240700,negated,2026-04,rule of many
867073500,2026-04-30,2026-05-06,National Endowment for the Arts,National Foundation on the Arts and the Humanities,0905,DE-12926676-26-CC,https://www.usajobs.gov/job/867073500,applied,2026-04,named mechanism
867389300,2026-05-01,2026-05-19,Federal Highway Administration,Department of Transportation,0810,FHWA.HIF-2026-0003,https://www.usajobs.gov/job/867389300,negated,2026-05,rule of many
867518300,2026-05-01,2026-05-26,Federal Highway Administration,Department of Transportation,0810,FHWA.CFL-2026-0014,https://www.usajobs.gov/job/867518300,negated,2026-05,rule of many
867382400,2026-05-01,2026-05-19,Federal Highway Administration,Department of Transportation,0810,FHWA.HIF-2026-0004,https://www.usajobs.gov/job/867382400,negated,2026-05,rule of many
867582400,2026-05-01,2026-07-30,Federal Railroad Administration,Department of Transportation,2121,FRA.DH-2026-0001,https://www.usajobs.gov/job/867582400,negated,2026-05,rule of many
867584000,2026-05-01,2026-07-30,Federal Railroad Administration,Department of Transportation,2121,FRA.DH-2026-0002,https://www.usajobs.gov/job/867584000,negated,2026-05,rule of many
867568700,2026-05-01,2026-05-11,Western Area Power Administration,Department of Energy,0850,26-WJ-00525-12946900-DE,https://www.usajobs.gov/job/867568700,applied,2026-05,rule of many
867619600,2026-05-04,2026-05-08,Social Security Administration,Other Agencies and Independent Organizations,1102,SSA-12947791-DHA26-FM,https://www.usajobs.gov/job/867619600,negated,2026-05,rule of many
867692300,2026-05-04,2026-05-18,"Treasury, Departmental Offices",Department of the Treasury,0301,26-DO-12950805-P,https://www.usajobs.gov/job/867692300,applied,2026-05,rule of many
867878900,2026-05-05,2026-05-06,Federal Transit Administration,Department of Transportation,2101,FTA.TSO-2026-0007,https://www.usajobs.gov/job/867878900,negated,2026-05,rule of many
867962500,2026-05-05,2026-05-19,Other Agencies and Independent Organizations,Court Services and Offender Supervision Agency for DC,0306,OGC-26-12953506-DE-VW,https://www.usajobs.gov/job/867962500,negated,2026-05,rule of many
867771800,2026-05-05,2026-05-18,"Treasury, Departmental Offices",Department of the Treasury,0301,26-DO-12950790-P,https://www.usajobs.gov/job/867771800,applied,2026-05,rule of many
868102900,2026-05-06,2026-05-19,Federal Transit Administration,Department of Transportation,0801,FTA.TPM-2026-0002,https://www.usajobs.gov/job/868102900,negated,2026-05,rule of many
868018500,2026-05-06,2026-05-19,Other Agencies and Independent Organizations,Department of State,1040,M-DEU-2026-0002,https://www.usajobs.gov/job/868018500,applied,2026-05,named mechanism
868148700,2026-05-07,2026-05-15,Other Agencies and Independent Organizations,Department of State,1301,IJC-DEU-2026-0001,https://www.usajobs.gov/job/868148700,applied,2026-05,named mechanism
868150300,2026-05-07,2026-05-15,Other Agencies and Independent Organizations,Department of State,1301,IJC-DEU-2026-0002,https://www.usajobs.gov/job/868150300,applied,2026-05,named mechanism
868431400,2026-05-08,2026-05-22,National Gallery of Art,Other Agencies and Independent Organizations,1016,NGA-26-045-DE,https://www.usajobs.gov/job/868431400,negated,2026-05,rule of many
868650400,2026-05-08,2026-05-13,National Labor Relations Board,Other Agencies and Independent Organizations,0501,NL26DE12956158ZA,https://www.usajobs.gov/job/868650400,applied,2026-05,rule of many
868482700,2026-05-08,2026-05-18,Office of the Inspector General for Tax Administration,Department of the Treasury,2210,26-TIGTA-12953291-P,https://www.usajobs.gov/job/868482700,applied,2026-05,rule of many
868400000,2026-05-08,2026-06-02,Social Security Administration,Other Agencies and Independent Organizations,0105,SSA-12953093-DHA-26-FO,https://www.usajobs.gov/job/868400000,negated,2026-05,rule of many
868444200,2026-05-08,2026-06-02,Social Security Administration,Other Agencies and Independent Organizations,0105,SSA-12952891-DHA-26-FO,https://www.usajobs.gov/job/868444200,negated,2026-05,rule of many
868445400,2026-05-08,2026-06-02,Social Security Administration,Other Agencies and Independent Organizations,0962,SSA-12952669-DHA-26-FO,https://www.usajobs.gov/job/868445400,negated,2026-05,rule of many
868445600,2026-05-08,2026-06-02,Social Security Administration,Other Agencies and Independent Organizations,0962,SSA-12949934-DHA-26-FO,https://www.usajobs.gov/job/868445600,negated,2026-05,rule of many
868461900,2026-05-08,2026-06-02,Social Security Administration,Other Agencies and Independent Organizations,0105,SSA-12953469-DHA-26-FO,https://www.usajobs.gov/job/868461900,negated,2026-05,rule of many
868403100,2026-05-08,2026-06-02,Social Security Administration,Other Agencies and Independent Organizations,0105,SSA-12952638-DHA-26-FO,https://www.usajobs.gov/job/868403100,negated,2026-05,rule of many
868398900,2026-05-08,2026-06-02,Social Security Administration,Other Agencies and Independent Organizations,0105,SSA-12953308-DHA-26-FO,https://www.usajobs.gov/job/868398900,negated,2026-05,rule of many
868294900,2026-05-08,2026-05-18,"Treasury, Departmental Offices",Department of the Treasury,1654,26-DO-12951815,https://www.usajobs.gov/job/868294900,applied,2026-05,rule of many
868469400,2026-05-11,2026-05-15,"Commander, Navy Installations Command",Department of the Navy,0081,ST-12957128-26-ESM,https://www.usajobs.gov/job/868469400,applied,2026-05,rule of many
868676800,2026-05-11,2026-05-14,Veterans Health Administration,Department of Veterans Affairs,1101,CBTF-12954845-26-LB,https://www.usajobs.gov/job/868676800,applied,2026-05,rule of many
868739100,2026-05-11,2026-05-26,Western Area Power Administration,Department of Energy,0850 | 0855,26-WA-00527-12957498-DE,https://www.usajobs.gov/job/868739100,applied,2026-05,rule of many
868544100,2026-05-12,2026-05-21,Bureau of the Fiscal Service,Department of the Treasury,0511,26-FS-12950367-P,https://www.usajobs.gov/job/868544100,applied,2026-05,rule of many
868706100,2026-05-12,2026-06-04,Federal Railroad Administration,Department of Transportation,2121,FRA.GX-2026-0001,https://www.usajobs.gov/job/868706100,negated,2026-05,rule of many
868706700,2026-05-12,2026-06-04,Federal Railroad Administration,Department of Transportation,2121,FRA.OP-2026-0001,https://www.usajobs.gov/job/868706700,negated,2026-05,rule of many
868835800,2026-05-12,2026-05-26,National Institute of Standards and Technology,Department of Commerce,1640,OFPM-193-26-12958083-AS,https://www.usajobs.gov/job/868835800,applied,2026-05,rule of many
868672800,2026-05-12,2026-05-18,Naval Facilities Engineering Systems Command,Department of the Navy,5408,ST-12955701-26-CJS,https://www.usajobs.gov/job/868672800,applied,2026-05,rule of many
868901800,2026-05-13,2026-05-19,Naval Facilities Engineering Systems Command,Department of the Navy,4749,ST-12957331-26-CJS,https://www.usajobs.gov/job/868901800,applied,2026-05,rule of many
869011000,2026-05-13,2026-05-19,Other Agencies and Independent Organizations,Department of State,1035,R/GPA-DEU-2026-0001,https://www.usajobs.gov/job/869011000,applied,2026-05,named mechanism
869170000,2026-05-13,2026-05-19,Other Agencies and Independent Organizations,Department of State,1035,R/GPA-DEU-2026-0001,https://www.usajobs.gov/job/869170000,applied,2026-05,named mechanism
868942500,2026-05-13,2026-05-27,"Treasury, Departmental Offices",Department of the Treasury,0301,26-DO-12937411,https://www.usajobs.gov/job/868942500,applied,2026-05,rule of many
868923300,2026-05-13,2026-05-27,"Treasury, Departmental Offices",Department of the Treasury,0301,26-DO-12955990-P,https://www.usajobs.gov/job/868923300,applied,2026-05,rule of many
869294300,2026-05-14,2026-05-21,National Gallery of Art,Other Agencies and Independent Organizations,1001,NGA-26-171-DE,https://www.usajobs.gov/job/869294300,negated,2026-05,rule of many
869281400,2026-05-14,2026-05-28,National Gallery of Art,Other Agencies and Independent Organizations,1016,NGA-26-155-DE,https://www.usajobs.gov/job/869281400,negated,2026-05,rule of many
869468300,2026-05-14,2026-05-21,National Labor Relations Board,Other Agencies and Independent Organizations,0905,NL26EX12956148CF,https://www.usajobs.gov/job/869468300,applied,2026-05,rule of many
869468700,2026-05-14,2026-05-21,National Labor Relations Board,Other Agencies and Independent Organizations,0904,NL26EX12959541CF,https://www.usajobs.gov/job/869468700,applied,2026-05,rule of many
869345700,2026-05-14,2026-05-20,National Labor Relations Board,Other Agencies and Independent Organizations,0511,NL26DE12960428BJ,https://www.usajobs.gov/job/869345700,applied,2026-05,rule of many
869355200,2026-05-14,2026-05-20,National Labor Relations Board,Other Agencies and Independent Organizations,1810,NL26DE12960088BJ,https://www.usajobs.gov/job/869355200,applied,2026-05,rule of many
869363900,2026-05-14,2026-05-18,National Labor Relations Board,Other Agencies and Independent Organizations,0950,NL26DE12960728BJ,https://www.usajobs.gov/job/869363900,applied,2026-05,rule of many
869456700,2026-05-14,2026-05-19,National Labor Relations Board,Other Agencies and Independent Organizations,0505,NL26DE12959412ZA,https://www.usajobs.gov/job/869456700,applied,2026-05,rule of many
869459700,2026-05-14,2026-05-19,National Labor Relations Board,Other Agencies and Independent Organizations,0510,NL26EX12957426ZA,https://www.usajobs.gov/job/869459700,applied,2026-05,rule of many
869468100,2026-05-14,2026-05-21,National Labor Relations Board,Other Agencies and Independent Organizations,0905,NL26EX12956059CF,https://www.usajobs.gov/job/869468100,applied,2026-05,rule of many
869468400,2026-05-14,2026-05-21,National Labor Relations Board,Other Agencies and Independent Organizations,0905,NL26EX12956189CF,https://www.usajobs.gov/job/869468400,applied,2026-05,rule of many
869468500,2026-05-14,2026-05-21,National Labor Relations Board,Other Agencies and Independent Organizations,0905,NL26EX12957496CF,https://www.usajobs.gov/job/869468500,applied,2026-05,rule of many
869119300,2026-05-14,2026-05-19,Other Agencies and Independent Organizations,Department of State,0343,M/BP-MPI-2026-0009,https://www.usajobs.gov/job/869119300,applied,2026-05,named mechanism
869110200,2026-05-14,2026-05-27,Other Agencies and Independent Organizations,Department of State,0301,M/CA-DEU-2026-0002,https://www.usajobs.gov/job/869110200,applied,2026-05,named mechanism
869231600,2026-05-14,2026-05-18,Social Security Administration,Other Agencies and Independent Organizations,0105,SSA-12960241-DHA-26-CP,https://www.usajobs.gov/job/869231600,negated,2026-05,rule of many
869542300,2026-05-15,2026-05-22,Other Agencies and Independent Organizations,Department of Energy,0201,26-WA-00636-12964394-DE,https://www.usajobs.gov/job/869542300,applied,2026-05,rule of many
869417900,2026-05-15,2026-05-21,Other Agencies and Independent Organizations,Department of Energy,2210,26-IG-12956070-DE-DV,https://www.usajobs.gov/job/869417900,applied,2026-05,rule of many
869581600,2026-05-18,2026-05-27,National Institute of Standards and Technology,Department of Commerce,0018,OSHE-153-26-12957083-AS,https://www.usajobs.gov/job/869581600,applied,2026-05,rule of many
869705700,2026-05-18,2026-06-01,Other Agencies and Independent Organizations,Court Services and Offender Supervision Agency for DC,0203,OHR-26-12964892-DE-VW,https://www.usajobs.gov/job/869705700,negated,2026-05,rule of many
869750200,2026-05-18,2026-06-02,"Treasury, Departmental Offices",Department of the Treasury,0301,26-DO-12946200-P,https://www.usajobs.gov/job/869750200,applied,2026-05,rule of many
869870700,2026-05-19,2026-08-17,Federal Railroad Administration,Department of Transportation,2121,FRA.DH-2026-0004,https://www.usajobs.gov/job/869870700,negated,2026-05,rule of many
869938900,2026-05-19,2026-07-27,National Gallery of Art,Other Agencies and Independent Organizations,4605,NGA-26-181A-DE,https://www.usajobs.gov/job/869938900,negated,2026-05,rule of many
869976600,2026-05-19,2026-05-27,National Labor Relations Board,Other Agencies and Independent Organizations,0905,NL26EX12965818CF,https://www.usajobs.gov/job/869976600,applied,2026-05,rule of many
869864900,2026-05-19,2026-05-23,Social Security Administration,Other Agencies and Independent Organizations,0105,SSA-12964964-DHA-26-CP,https://www.usajobs.gov/job/869864900,negated,2026-05,rule of many
870114500,2026-05-20,2026-05-22,Equal Employment Opportunity Commission,Other Agencies and Independent Organizations,0399,DE-12962478-26-AH,https://www.usajobs.gov/job/870114500,applied,2026-05,rule of many
870314900,2026-05-21,2026-05-29,National Labor Relations Board,Other Agencies and Independent Organizations,0244,NL26DE12969335KR,https://www.usajobs.gov/job/870314900,applied,2026-05,rule of many
870325100,2026-05-21,2026-05-29,National Labor Relations Board,Other Agencies and Independent Organizations,0244,NL26DE12969392KR,https://www.usajobs.gov/job/870325100,applied,2026-05,rule of many
870337000,2026-05-21,2026-05-29,National Labor Relations Board,Other Agencies and Independent Organizations,0244,NL26DE12969459KR,https://www.usajobs.gov/job/870337000,applied,2026-05,rule of many
870342800,2026-05-21,2026-05-29,National Labor Relations Board,Other Agencies and Independent Organizations,0244,NL26DE12969520KR,https://www.usajobs.gov/job/870342800,applied,2026-05,rule of many
870345000,2026-05-21,2026-05-27,National Labor Relations Board,Other Agencies and Independent Organizations,0501,NL26DE12967719ZA,https://www.usajobs.gov/job/870345000,applied,2026-05,rule of many
870348800,2026-05-21,2026-05-29,National Labor Relations Board,Other Agencies and Independent Organizations,0244,NL26DE12969566KR,https://www.usajobs.gov/job/870348800,applied,2026-05,rule of many
870352100,2026-05-21,2026-05-29,National Labor Relations Board,Other Agencies and Independent Organizations,0244,NL26DE12969588KR,https://www.usajobs.gov/job/870352100,applied,2026-05,rule of many
870354600,2026-05-21,2026-05-29,National Labor Relations Board,Other Agencies and Independent Organizations,0905,NL26EX12969530NC,https://www.usajobs.gov/job/870354600,applied,2026-05,rule of many
870354700,2026-05-21,2026-05-29,National Labor Relations Board,Other Agencies and Independent Organizations,0905,NL26EX12969595NC,https://www.usajobs.gov/job/870354700,applied,2026-05,rule of many
870354800,2026-05-21,2026-05-29,National Labor Relations Board,Other Agencies and Independent Organizations,0244,NL26DE12967401KR,https://www.usajobs.gov/job/870354800,applied,2026-05,rule of many
870354900,2026-05-21,2026-05-29,National Labor Relations Board,Other Agencies and Independent Organizations,0244,NL26DE12967874KR,https://www.usajobs.gov/job/870354900,applied,2026-05,rule of many
870355000,2026-05-21,2026-05-29,National Labor Relations Board,Other Agencies and Independent Organizations,0244,NL26DE12969340ZA,https://www.usajobs.gov/job/870355000,applied,2026-05,rule of many
870355100,2026-05-21,2026-05-29,National Labor Relations Board,Other Agencies and Independent Organizations,0244,NL26DE12969568ZA,https://www.usajobs.gov/job/870355100,applied,2026-05,rule of many
870355400,2026-05-21,2026-05-29,National Labor Relations Board,Other Agencies and Independent Organizations,0244,NL26DE12969542ZA,https://www.usajobs.gov/job/870355400,applied,2026-05,rule of many
870355700,2026-05-21,2026-05-29,National Labor Relations Board,Other Agencies and Independent Organizations,0244,NL26DE12969597ZA,https://www.usajobs.gov/job/870355700,applied,2026-05,rule of many
870355800,2026-05-21,2026-05-29,National Labor Relations Board,Other Agencies and Independent Organizations,0244,NL26DE12969463ZA,https://www.usajobs.gov/job/870355800,applied,2026-05,rule of many
870355900,2026-05-21,2026-05-29,National Labor Relations Board,Other Agencies and Independent Organizations,0244,NL26DE12969574ZA,https://www.usajobs.gov/job/870355900,applied,2026-05,rule of many
870356000,2026-05-21,2026-05-29,National Labor Relations Board,Other Agencies and Independent Organizations,0244,NL26DE12969487ZA,https://www.usajobs.gov/job/870356000,applied,2026-05,rule of many
870356200,2026-05-21,2026-05-29,National Labor Relations Board,Other Agencies and Independent Organizations,0244,NL26DE12969581ZA,https://www.usajobs.gov/job/870356200,applied,2026-05,rule of many
870356300,2026-05-21,2026-05-29,National Labor Relations Board,Other Agencies and Independent Organizations,0244,NL26DE12969523ZA,https://www.usajobs.gov/job/870356300,applied,2026-05,rule of many
870356400,2026-05-21,2026-05-29,National Labor Relations Board,Other Agencies and Independent Organizations,0244,NL26DE12969592ZA,https://www.usajobs.gov/job/870356400,applied,2026-05,rule of many
870356600,2026-05-21,2026-05-29,National Labor Relations Board,Other Agencies and Independent Organizations,0905,NL26EX12967390KR,https://www.usajobs.gov/job/870356600,applied,2026-05,rule of many
870358400,2026-05-21,2026-05-29,National Labor Relations Board,Other Agencies and Independent Organizations,0905,NL26EX12968513KR,https://www.usajobs.gov/job/870358400,applied,2026-05,rule of many
870359000,2026-05-21,2026-05-29,National Labor Relations Board,Other Agencies and Independent Organizations,0905,NL26EX12968514KR,https://www.usajobs.gov/job/870359000,applied,2026-05,rule of many
870359500,2026-05-21,2026-05-29,National Labor Relations Board,Other Agencies and Independent Organizations,0244,NL26DE12969289KR,https://www.usajobs.gov/job/870359500,applied,2026-05,rule of many
870359800,2026-05-21,2026-05-29,National Labor Relations Board,Other Agencies and Independent Organizations,0244,NL26DE12969379KR,https://www.usajobs.gov/job/870359800,applied,2026-05,rule of many
870359900,2026-05-21,2026-05-29,National Labor Relations Board,Other Agencies and Independent Organizations,0905,NL26EX12967393,https://www.usajobs.gov/job/870359900,applied,2026-05,rule of many
870360200,2026-05-21,2026-05-29,National Labor Relations Board,Other Agencies and Independent Organizations,0244,NL26DE12969439KR,https://www.usajobs.gov/job/870360200,applied,2026-05,rule of many
870360700,2026-05-21,2026-05-29,National Labor Relations Board,Other Agencies and Independent Organizations,0244,NL26DE12969470KR,https://www.usajobs.gov/job/870360700,applied,2026-05,rule of many
870361200,2026-05-21,2026-05-29,National Labor Relations Board,Other Agencies and Independent Organizations,0244,NL26DE12969539KR,https://www.usajobs.gov/job/870361200,applied,2026-05,rule of many
870361400,2026-05-21,2026-05-29,National Labor Relations Board,Other Agencies and Independent Organizations,0244,NL26DE12969602KR,https://www.usajobs.gov/job/870361400,applied,2026-05,rule of many
870361500,2026-05-21,2026-05-29,National Labor Relations Board,Other Agencies and Independent Organizations,0905,NL26EX12969629KR,https://www.usajobs.gov/job/870361500,applied,2026-05,rule of many
870362500,2026-05-21,2026-05-29,National Labor Relations Board,Other Agencies and Independent Organizations,0905,NL26EX12969640KR,https://www.usajobs.gov/job/870362500,applied,2026-05,rule of many
870362800,2026-05-21,2026-05-29,National Labor Relations Board,Other Agencies and Independent Organizations,0905,NL26EX12969380BJ,https://www.usajobs.gov/job/870362800,applied,2026-05,rule of many
870362900,2026-05-21,2026-05-29,National Labor Relations Board,Other Agencies and Independent Organizations,0905,NL26EX12969474BJ,https://www.usajobs.gov/job/870362900,applied,2026-05,rule of many
870363100,2026-05-21,2026-05-29,National Labor Relations Board,Other Agencies and Independent Organizations,0905,NL26EX12969371BJ,https://www.usajobs.gov/job/870363100,applied,2026-05,rule of many
870363400,2026-05-21,2026-05-29,National Labor Relations Board,Other Agencies and Independent Organizations,0905,NL26EX12969468BJ,https://www.usajobs.gov/job/870363400,applied,2026-05,rule of many
870363800,2026-05-21,2026-05-29,National Labor Relations Board,Other Agencies and Independent Organizations,0905,NL26EX12967390BJ,https://www.usajobs.gov/job/870363800,applied,2026-05,rule of many
870363900,2026-05-21,2026-05-29,National Labor Relations Board,Other Agencies and Independent Organizations,0905,NL26EX12969628NC,https://www.usajobs.gov/job/870363900,applied,2026-05,rule of many
870364100,2026-05-21,2026-05-29,National Labor Relations Board,Other Agencies and Independent Organizations,0905,NL26EX12969649NC,https://www.usajobs.gov/job/870364100,applied,2026-05,rule of many
870364200,2026-05-21,2026-05-29,National Labor Relations Board,Other Agencies and Independent Organizations,0905,NL26EX12969464BJ,https://www.usajobs.gov/job/870364200,applied,2026-05,rule of many
870364900,2026-05-21,2026-05-29,National Labor Relations Board,Other Agencies and Independent Organizations,0244,NL26DE12969645AC,https://www.usajobs.gov/job/870364900,applied,2026-05,rule of many
870365100,2026-05-21,2026-05-29,National Labor Relations Board,Other Agencies and Independent Organizations,0244,NL26DE12969650AC,https://www.usajobs.gov/job/870365100,applied,2026-05,rule of many
870365300,2026-05-21,2026-05-29,National Labor Relations Board,Other Agencies and Independent Organizations,0905,NL26EX12969375BJ,https://www.usajobs.gov/job/870365300,applied,2026-05,rule of many
870365500,2026-05-21,2026-05-29,National Labor Relations Board,Other Agencies and Independent Organizations,0905,NL26EX12969471BJ,https://www.usajobs.gov/job/870365500,applied,2026-05,rule of many
870366000,2026-05-21,2026-05-29,National Labor Relations Board,Other Agencies and Independent Organizations,0905,NL26EX12969654NC,https://www.usajobs.gov/job/870366000,applied,2026-05,rule of many
870366200,2026-05-21,2026-05-29,National Labor Relations Board,Other Agencies and Independent Organizations,0905,NL26EX12969655NC,https://www.usajobs.gov/job/870366200,applied,2026-05,rule of many
870366900,2026-05-21,2026-05-29,National Labor Relations Board,Other Agencies and Independent Organizations,0905,NL26EX12969343AC,https://www.usajobs.gov/job/870366900,applied,2026-05,rule of many
870367000,2026-05-21,2026-05-29,National Labor Relations Board,Other Agencies and Independent Organizations,0905,NL26EX12969410AC,https://www.usajobs.gov/job/870367000,applied,2026-05,rule of many
870367100,2026-05-21,2026-05-29,National Labor Relations Board,Other Agencies and Independent Organizations,0905,NL26EX12969503AC,https://www.usajobs.gov/job/870367100,applied,2026-05,rule of many
870367200,2026-05-21,2026-05-29,National Labor Relations Board,Other Agencies and Independent Organizations,0905,NL26EX12969440AC,https://www.usajobs.gov/job/870367200,applied,2026-05,rule of many
870367300,2026-05-21,2026-05-29,National Labor Relations Board,Other Agencies and Independent Organizations,0905,NL26EX12969561AC,https://www.usajobs.gov/job/870367300,applied,2026-05,rule of many
870367400,2026-05-21,2026-05-29,National Labor Relations Board,Other Agencies and Independent Organizations,0905,NL26EX12969605AC,https://www.usajobs.gov/job/870367400,applied,2026-05,rule of many
870478300,2026-05-21,2026-05-29,National Labor Relations Board,Other Agencies and Independent Organizations,0244,NL26DE12969586KR,https://www.usajobs.gov/job/870478300,applied,2026-05,rule of many
870168700,2026-05-21,2026-06-04,Other Agencies and Independent Organizations,Department of State,1040,M-DEU-2026-0003,https://www.usajobs.gov/job/870168700,applied,2026-05,named mechanism
870170500,2026-05-21,2026-06-04,Other Agencies and Independent Organizations,Department of State,1040,M-DEU-2026-0004,https://www.usajobs.gov/job/870170500,applied,2026-05,named mechanism
870072300,2026-05-21,2026-06-04,"Treasury, Departmental Offices",Department of the Treasury,0101,26-DO-12946859-P,https://www.usajobs.gov/job/870072300,applied,2026-05,rule of many
870446000,2026-05-22,2026-06-01,Bureau of Industry and Security,Department of Commerce,1101,BIS-OASEA-DE-26-12968277,https://www.usajobs.gov/job/870446000,applied,2026-05,rule of many
870481600,2026-05-22,2026-06-03,Executive Office for Immigration Review,Department of Justice,0963,DE-12969524-26-RA,https://www.usajobs.gov/job/870481600,applied,2026-05,rule of many
870468600,2026-05-22,2026-05-22,Federal Communications Commission,Other Agencies and Independent Organizations,0343,fcc-test-2026-002,https://www.usajobs.gov/job/870468600,applied,2026-05,rule of many
870373000,2026-05-22,2026-06-05,National Highway Traffic Safety Administration,Department of Transportation,0801,NHTSA.NEF-2026-0004,https://www.usajobs.gov/job/870373000,negated,2026-05,rule of many
870259900,2026-05-22,2026-05-28,National Institute of Standards and Technology,Department of Commerce,1311,PML-687-26-12966261-AS,https://www.usajobs.gov/job/870259900,applied,2026-05,rule of many
870479900,2026-05-22,2026-06-01,National Labor Relations Board,Other Agencies and Independent Organizations,0244,NL26DE12969593KR,https://www.usajobs.gov/job/870479900,applied,2026-05,rule of many
870474600,2026-05-22,2026-06-02,National Labor Relations Board,Other Agencies and Independent Organizations,0905,NL26EX12970181KR,https://www.usajobs.gov/job/870474600,applied,2026-05,rule of many
870474800,2026-05-22,2026-06-01,National Labor Relations Board,Other Agencies and Independent Organizations,0905,NL26EX12970164KR,https://www.usajobs.gov/job/870474800,applied,2026-05,rule of many
870474900,2026-05-22,2026-06-01,National Labor Relations Board,Other Agencies and Independent Organizations,0244,NL26DE12970150KR,https://www.usajobs.gov/job/870474900,applied,2026-05,rule of many
870475200,2026-05-22,2026-06-01,National Labor Relations Board,Other Agencies and Independent Organizations,0244,NL26DE12970115KR,https://www.usajobs.gov/job/870475200,applied,2026-05,rule of many
870475600,2026-05-22,2026-06-01,National Labor Relations Board,Other Agencies and Independent Organizations,0244,NL26DE12969549KR,https://www.usajobs.gov/job/870475600,applied,2026-05,rule of many
870476700,2026-05-22,2026-06-01,National Labor Relations Board,Other Agencies and Independent Organizations,0244,NL26DE12969585KR,https://www.usajobs.gov/job/870476700,applied,2026-05,rule of many
870477800,2026-05-22,2026-06-01,National Labor Relations Board,Other Agencies and Independent Organizations,0244,NL26DE12969560KR,https://www.usajobs.gov/job/870477800,applied,2026-05,rule of many
870478600,2026-05-22,2026-06-01,National Labor Relations Board,Other Agencies and Independent Organizations,0244,NL26DE12969563,https://www.usajobs.gov/job/870478600,applied,2026-05,rule of many
870479300,2026-05-22,2026-06-02,National Labor Relations Board,Other Agencies and Independent Organizations,0244,NL26DE12969590KR,https://www.usajobs.gov/job/870479300,applied,2026-05,rule of many
870479500,2026-05-22,2026-06-01,National Labor Relations Board,Other Agencies and Independent Organizations,0244,NL26EX12969564KR,https://www.usajobs.gov/job/870479500,applied,2026-05,rule of many
870641500,2026-05-25,2026-06-10,Other Agencies and Independent Organizations,Department of State,0301,R/ECA-DEU-2026-0001,https://www.usajobs.gov/job/870641500,applied,2026-05,named mechanism
870582400,2026-05-26,2026-06-24,Social Security Administration,Other Agencies and Independent Organizations,0105,SSA-12969780-DHA-26-FO,https://www.usajobs.gov/job/870582400,negated,2026-05,rule of many
870458300,2026-05-26,2026-06-24,Social Security Administration,Other Agencies and Independent Organizations,0105,SSA-12969482-DHA-26-FO,https://www.usajobs.gov/job/870458300,negated,2026-05,rule of many
870524900,2026-05-26,2026-06-24,Social Security Administration,Other Agencies and Independent Organizations,0105,SSA-12969511-DHA-26-FO,https://www.usajobs.gov/job/870524900,negated,2026-05,rule of many
870525800,2026-05-26,2026-06-24,Social Security Administration,Other Agencies and Independent Organizations,0105,SSA-12969505-DHA-26-FO,https://www.usajobs.gov/job/870525800,negated,2026-05,rule of many
870526200,2026-05-26,2026-06-24,Social Security Administration,Other Agencies and Independent Organizations,0105,SSA-12969486-DHA-26-FO,https://www.usajobs.gov/job/870526200,negated,2026-05,rule of many
870458600,2026-05-26,2026-06-24,Social Security Administration,Other Agencies and Independent Organizations,0105,SSA-12969798-DHA-26-FO,https://www.usajobs.gov/job/870458600,negated,2026-05,rule of many
870466800,2026-05-26,2026-06-24,Social Security Administration,Other Agencies and Independent Organizations,0105,SSA-12969483-DHA-26-FO,https://www.usajobs.gov/job/870466800,negated,2026-05,rule of many
870585200,2026-05-26,2026-06-24,Social Security Administration,Other Agencies and Independent Organizations,0105,SSA-12969490-DHA-26-FO,https://www.usajobs.gov/job/870585200,negated,2026-05,rule of many
870621400,2026-05-27,2026-06-02,Bureau of the Fiscal Service,Department of the Treasury,0343,26-FS-12959842-P,https://www.usajobs.gov/job/870621400,applied,2026-05,rule of many
870755300,2026-05-27,2026-05-29,Equal Employment Opportunity Commission,Other Agencies and Independent Organizations,2299,DE-12963976-26-AH,https://www.usajobs.gov/job/870755300,applied,2026-05,rule of many
870680600,2026-05-27,2026-06-09,Federal Transit Administration,Department of Transportation,0028,FTA.R3-2026-0002,https://www.usajobs.gov/job/870680600,negated,2026-05,rule of many
870790900,2026-05-27,2026-06-01,National Labor Relations Board,Other Agencies and Independent Organizations,0905,NL26EX12964302BJ,https://www.usajobs.gov/job/870790900,applied,2026-05,rule of many
870791000,2026-05-27,2026-06-01,National Labor Relations Board,Other Agencies and Independent Organizations,0905,NL26IX12971549BJ,https://www.usajobs.gov/job/870791000,applied,2026-05,rule of many
870793200,2026-05-27,2026-06-01,National Labor Relations Board,Other Agencies and Independent Organizations,0905,NL26EX12967797BJ,https://www.usajobs.gov/job/870793200,applied,2026-05,rule of many
870721900,2026-05-27,2026-06-15,Pipeline and Hazardous Materials Safety Administration,Department of Transportation,0801,PHMSA.PSRG-2026-0013,https://www.usajobs.gov/job/870721900,negated,2026-05,rule of many
870955800,2026-05-28,2026-05-29,Federal Communications Commission,Other Agencies and Independent Organizations,0301,PATHWAYS-OLA-2026-001,https://www.usajobs.gov/job/870955800,applied,2026-05,rule of many
870895300,2026-05-28,2026-06-10,Federal Transit Administration,Department of Transportation,2101,FTA.R1-2026-0001,https://www.usajobs.gov/job/870895300,negated,2026-05,rule of many
870833500,2026-05-28,2026-06-11,National Gallery of Art,Other Agencies and Independent Organizations,0437,NGA-26-180-DE,https://www.usajobs.gov/job/870833500,negated,2026-05,rule of many
870540000,2026-05-28,2026-06-03,National Institute of Standards and Technology,Department of Commerce,0301,MEPP-481-26-12968251-AS,https://www.usajobs.gov/job/870540000,applied,2026-05,rule of many
870897200,2026-05-28,2026-06-02,National Labor Relations Board,Other Agencies and Independent Organizations,0905,NL26IX12972909BJ,https://www.usajobs.gov/job/870897200,applied,2026-05,rule of many
870644200,2026-05-28,2026-06-10,Other Agencies and Independent Organizations,Department of State,0301,R/ECA-DEU-2026-0001,https://www.usajobs.gov/job/870644200,applied,2026-05,named mechanism
870647000,2026-05-28,2026-06-10,U.S. Mint,Department of the Treasury,0028,26-MINT-12966438-P,https://www.usajobs.gov/job/870647000,applied,2026-05,rule of many
870950700,2026-05-28,2026-06-11,Western Area Power Administration,Department of Energy,1170,26-WA-00611-12971872-DE,https://www.usajobs.gov/job/870950700,applied,2026-05,rule of many
871032900,2026-05-29,2026-06-12,Development Finance Corporation,Other Agencies and Independent Organizations,0510,26-OCFO-DE-12971781-KS,https://www.usajobs.gov/job/871032900,applied,2026-05,rule of many
871096600,2026-05-29,2026-06-05,National Labor Relations Board,Other Agencies and Independent Organizations,0905,NL26EX12968539ZA,https://www.usajobs.gov/job/871096600,applied,2026-05,rule of many
871096700,2026-05-29,2026-06-05,National Labor Relations Board,Other Agencies and Independent Organizations,0905,NL26EX12968556ZA,https://www.usajobs.gov/job/871096700,applied,2026-05,rule of many
871152500,2026-05-29,2026-06-05,National Labor Relations Board,Other Agencies and Independent Organizations,0905,NL26EX12974355KR,https://www.usajobs.gov/job/871152500,applied,2026-05,rule of many
871152700,2026-05-29,2026-06-05,National Labor Relations Board,Other Agencies and Independent Organizations,0905,NL26EX12974302KR,https://www.usajobs.gov/job/871152700,applied,2026-05,rule of many
871072600,2026-06-01,2026-06-22,Development Finance Corporation,Other Agencies and Independent Organizations,0301,26-OPI-DE-1295762-MB,https://www.usajobs.gov/job/871072600,applied,2026-06,rule of many
871131900,2026-06-01,2026-06-08,National Institute of Standards and Technology,Department of Commerce,0301,NIST-26-12971052-AS,https://www.usajobs.gov/job/871131900,applied,2026-06,rule of many
871134500,2026-06-01,2026-06-08,National Institute of Standards and Technology,Department of Commerce,0301,NIST-26-12971907-AS,https://www.usajobs.gov/job/871134500,applied,2026-06,rule of many
871144600,2026-06-01,2026-06-08,National Institute of Standards and Technology,Department of Commerce,0341,NIST-26-12971138-AS,https://www.usajobs.gov/job/871144600,applied,2026-06,rule of many
871004400,2026-06-01,2026-06-12,Social Security Administration,Other Agencies and Independent Organizations,1530,SSA-12970418-RQ-DHA,https://www.usajobs.gov/job/871004400,negated,2026-06,rule of many
871256600,2026-06-02,2026-06-15,Maritime Administration,Department of Transportation,0801,MARAD.HQ-2026-0017,https://www.usajobs.gov/job/871256600,negated,2026-06,rule of many
871221800,2026-06-02,2026-06-10,National Archives and Records Administration,Other Agencies and Independent Organizations,1421,DE-12972929-26-MU,https://www.usajobs.gov/job/871221800,applied,2026-06,rule of many
871201000,2026-06-02,2026-06-08,National Labor Relations Board,Other Agencies and Independent Organizations,0905,NL26EX12967948ZA,https://www.usajobs.gov/job/871201000,applied,2026-06,rule of many
871397300,2026-06-02,2026-06-09,National Labor Relations Board,Other Agencies and Independent Organizations,0244,NL26DE12975126DE,https://www.usajobs.gov/job/871397300,applied,2026-06,rule of many
871425300,2026-06-02,2026-06-09,National Labor Relations Board,Other Agencies and Independent Organizations,0244,NL26DE12975203KR,https://www.usajobs.gov/job/871425300,applied,2026-06,rule of many
871427800,2026-06-02,2026-06-09,National Labor Relations Board,Other Agencies and Independent Organizations,0244,NL26DE12975215DE,https://www.usajobs.gov/job/871427800,applied,2026-06,rule of many
871494200,2026-06-03,2026-06-23,Federal Transit Administration,Department of Transportation,0801,FTA.TPM-2026-0005,https://www.usajobs.gov/job/871494200,negated,2026-06,rule of many
871577300,2026-06-04,2026-06-17,Development Finance Corporation,Other Agencies and Independent Organizations,2210,26-OIT-DE-12974759-MB,https://www.usajobs.gov/job/871577300,applied,2026-06,rule of many
871849700,2026-06-04,2026-06-12,Federal Communications Commission,Other Agencies and Independent Organizations,1099,PATHWAYS-OMR-2026-001,https://www.usajobs.gov/job/871849700,applied,2026-06,rule of many
871844600,2026-06-04,2026-06-11,Federal Communications Commission,Other Agencies and Independent Organizations,1035,DEU-OMR-2026-001,https://www.usajobs.gov/job/871844600,applied,2026-06,rule of many
871851700,2026-06-04,2026-06-07,Federal Communications Commission,Other Agencies and Independent Organizations,1035,DEU-OMR-2026-002,https://www.usajobs.gov/job/871851700,applied,2026-06,rule of many
871629000,2026-06-04,2026-06-12,National Archives and Records Administration,Other Agencies and Independent Organizations,1001,DE-12973999-26-BS,https://www.usajobs.gov/job/871629000,applied,2026-06,rule of many
871594800,2026-06-04,2026-06-12,National Archives and Records Administration,Other Agencies and Independent Organizations,5703,DE-12974045-26-KB,https://www.usajobs.gov/job/871594800,applied,2026-06,rule of many
871872200,2026-06-05,2026-06-18,Development Finance Corporation,Other Agencies and Independent Organizations,1601,26-OCCS-DE-12976422-MB,https://www.usajobs.gov/job/871872200,applied,2026-06,rule of many
871832900,2026-06-05,2026-09-03,Federal Railroad Administration,Department of Transportation,2121,FRA.DH-2026-0003,https://www.usajobs.gov/job/871832900,negated,2026-06,rule of many
871955200,2026-06-05,2026-08-12,Federal Railroad Administration,Department of Transportation,2121,FRA.OP-2026-0002,https://www.usajobs.gov/job/871955200,negated,2026-06,rule of many
871955700,2026-06-05,2026-08-12,Federal Railroad Administration,Department of Transportation,2121,FRA.GX-2026-0003,https://www.usajobs.gov/job/871955700,negated,2026-06,rule of many
871961400,2026-06-05,2026-06-19,National Gallery of Art,Other Agencies and Independent Organizations,0301,NGA-26-152-DE,https://www.usajobs.gov/job/871961400,negated,2026-06,rule of many
872036200,2026-06-05,2026-06-10,National Labor Relations Board,Other Agencies and Independent Organizations,0318,NL26DE12979660KR,https://www.usajobs.gov/job/872036200,applied,2026-06,rule of many
872036900,2026-06-05,2026-06-10,National Labor Relations Board,Other Agencies and Independent Organizations,0301,NL26DE12979557KR,https://www.usajobs.gov/job/872036900,applied,2026-06,rule of many
872037200,2026-06-05,2026-06-10,National Labor Relations Board,Other Agencies and Independent Organizations,0341,NL26DE1297962KR,https://www.usajobs.gov/job/872037200,applied,2026-06,rule of many
871949300,2026-06-05,2026-07-22,Office of Personnel Management,Other Agencies and Independent Organizations,1102,CGA-DHA-12950587-26-CL,https://www.usajobs.gov/job/871949300,negated,2026-06,rule of many
871949900,2026-06-05,2026-07-22,Office of Personnel Management,Other Agencies and Independent Organizations,0501,CGA-DHA-12950509-26-CL,https://www.usajobs.gov/job/871949900,negated,2026-06,rule of many
871950000,2026-06-05,2026-07-22,Office of Personnel Management,Other Agencies and Independent Organizations,0201,CGA-DHA-12951703-26-CL,https://www.usajobs.gov/job/871950000,negated,2026-06,rule of many
871884100,2026-06-05,2026-06-19,"Treasury, Departmental Offices",Department of the Treasury,0301,26-DO-12977629-P,https://www.usajobs.gov/job/871884100,applied,2026-06,rule of many
871967200,2026-06-05,2026-06-18,"Treasury, Departmental Offices",Department of the Treasury,0306,26-DO-12974138-P,https://www.usajobs.gov/job/871967200,applied,2026-06,rule of many
872029000,2026-06-05,2026-06-17,Western Area Power Administration,Department of Energy,1601,26-WJ-00724-12977161-DE,https://www.usajobs.gov/job/872029000,applied,2026-06,rule of many
872035000,2026-06-05,2026-06-17,Western Area Power Administration,Department of Energy,1601,26-WJ-00724-12979721-DE,https://www.usajobs.gov/job/872035000,applied,2026-06,rule of many
872035900,2026-06-05,2026-06-17,Western Area Power Administration,Department of Energy,1601,26-WJ-00724-12979728-DE,https://www.usajobs.gov/job/872035900,applied,2026-06,rule of many
872600200,2026-06-07,2026-06-09,Federal Communications Commission,Other Agencies and Independent Organizations,0201,SK TESTING-DO NOT APPLY,https://www.usajobs.gov/job/872600200,applied,2026-06,rule of many
872605600,2026-06-07,2026-06-09,Federal Communications Commission,Other Agencies and Independent Organizations,0201,SK TESTING2-DO NOT APPLY,https://www.usajobs.gov/job/872605600,applied,2026-06,rule of many
872097800,2026-06-08,2026-06-12,"Offices, Boards and Divisions",Department of Justice,0950,26-CRM-PATH-002,https://www.usajobs.gov/job/872097800,applied,2026-06,rule of many
872100500,2026-06-08,2026-06-12,"Offices, Boards and Divisions",Department of Justice,0950,26-CRM-JS-016,https://www.usajobs.gov/job/872100500,applied,2026-06,rule of many
872164600,2026-06-08,2026-06-12,"Offices, Boards and Divisions",Department of Justice,0301,26-CRM-PATH-001,https://www.usajobs.gov/job/872164600,applied,2026-06,rule of many
872197600,2026-06-09,2026-06-16,Bureau of the Fiscal Service,Department of the Treasury,0101,26-FS-12978089-P,https://www.usajobs.gov/job/872197600,applied,2026-06,rule of many
872297100,2026-06-09,2026-06-18,Consumer Product Safety Commission,Other Agencies and Independent Organizations,0950,3010CEL-2026-0004,https://www.usajobs.gov/job/872297100,applied,2026-06,rule of many
872093400,2026-06-09,2026-06-17,National Archives and Records Administration,Other Agencies and Independent Organizations,2091,DE-12977626-26-EB,https://www.usajobs.gov/job/872093400,applied,2026-06,rule of many
872093900,2026-06-09,2026-06-17,National Archives and Records Administration,Other Agencies and Independent Organizations,2091,DE-12978178-26-LD,https://www.usajobs.gov/job/872093900,applied,2026-06,rule of many
872095100,2026-06-09,2026-06-29,National Archives and Records Administration,Other Agencies and Independent Organizations,2091,DE-12979567-26-EB,https://www.usajobs.gov/job/872095100,applied,2026-06,rule of many
872062600,2026-06-09,2026-06-17,National Archives and Records Administration,Other Agencies and Independent Organizations,1001,DE-12972720-26-BS,https://www.usajobs.gov/job/872062600,applied,2026-06,rule of many
872327100,2026-06-09,2026-06-22,National Gallery of Art,Other Agencies and Independent Organizations,1016,NGA-26-161-DE,https://www.usajobs.gov/job/872327100,negated,2026-06,rule of many
872442500,2026-06-09,2026-06-16,National Labor Relations Board,Other Agencies and Independent Organizations,0244,NL26DE12981429KR,https://www.usajobs.gov/job/872442500,applied,2026-06,rule of many
872444100,2026-06-09,2026-06-16,National Labor Relations Board,Other Agencies and Independent Organizations,0905,NL26EX12982014KR,https://www.usajobs.gov/job/872444100,applied,2026-06,rule of many
872603700,2026-06-10,2026-06-11,Federal Communications Commission,Other Agencies and Independent Organizations,0201,SK TESTING-DO NOT APPLY,https://www.usajobs.gov/job/872603700,applied,2026-06,rule of many
872634700,2026-06-10,2026-06-12,Federal Communications Commission,Other Agencies and Independent Organizations,1035,DEU-OMR-2026-002,https://www.usajobs.gov/job/872634700,applied,2026-06,rule of many
872635300,2026-06-10,2026-06-12,Federal Communications Commission,Other Agencies and Independent Organizations,0301,PATHWAYS-OLA-2026-001,https://www.usajobs.gov/job/872635300,applied,2026-06,rule of many
872606700,2026-06-10,2026-06-12,Federal Communications Commission,Other Agencies and Independent Organizations,0201,SK TESTING2-DO NOT APPLY,https://www.usajobs.gov/job/872606700,applied,2026-06,rule of many
872613100,2026-06-10,2026-06-11,Federal Communications Commission,Other Agencies and Independent Organizations,0201,SK TESTING2-DO NOT APPLY,https://www.usajobs.gov/job/872613100,applied,2026-06,rule of many
872400300,2026-06-10,2026-06-18,National Archives and Records Administration,Other Agencies and Independent Organizations,1420,DE-12980552-26-TY,https://www.usajobs.gov/job/872400300,applied,2026-06,rule of many
872360000,2026-06-10,2026-06-23,Pipeline and Hazardous Materials Safety Administration,Department of Transportation,0110,PHMSA.PHO-2026-0001,https://www.usajobs.gov/job/872360000,negated,2026-06,rule of many
872779100,2026-06-11,2026-06-22,Consumer Product Safety Commission,Other Agencies and Independent Organizations,0413 | 0405 | 0415,4520HSPP-2026-0001,https://www.usajobs.gov/job/872779100,applied,2026-06,rule of many
872581600,2026-06-11,2026-06-22,National Archives and Records Administration,Other Agencies and Independent Organizations,1640,DE-12981084-26-MU,https://www.usajobs.gov/job/872581600,applied,2026-06,rule of many
872827300,2026-06-11,2026-06-18,National Labor Relations Board,Other Agencies and Independent Organizations,0905,NL26EX12970956CF,https://www.usajobs.gov/job/872827300,applied,2026-06,rule of many
872828100,2026-06-11,2026-06-18,National Labor Relations Board,Other Agencies and Independent Organizations,0905,NL26EX12971508CF,https://www.usajobs.gov/job/872828100,applied,2026-06,rule of many
872828800,2026-06-11,2026-06-18,National Labor Relations Board,Other Agencies and Independent Organizations,0905,NL26EX12972046CF,https://www.usajobs.gov/job/872828800,applied,2026-06,rule of many
872829500,2026-06-11,2026-06-18,National Labor Relations Board,Other Agencies and Independent Organizations,0905,NL26EX12972129CF,https://www.usajobs.gov/job/872829500,applied,2026-06,rule of many
872830100,2026-06-11,2026-06-18,National Labor Relations Board,Other Agencies and Independent Organizations,0904,NL26EX12981632CF,https://www.usajobs.gov/job/872830100,applied,2026-06,rule of many
872594200,2026-06-11,2026-06-25,Other Agencies and Independent Organizations,Department of State,0343,CA-2026-0143,https://www.usajobs.gov/job/872594200,applied,2026-06,named mechanism
872582200,2026-06-11,2026-06-25,Other Agencies and Independent Organizations,Department of State,0343,CA-2026-0143,https://www.usajobs.gov/job/872582200,applied,2026-06,named mechanism
872772300,2026-06-12,2026-06-22,Bureau of the Fiscal Service,Department of the Treasury,0343,26-FS-12981406-P,https://www.usajobs.gov/job/872772300,applied,2026-06,rule of many
872567500,2026-06-12,2026-06-15,Consumer Product Safety Commission,Other Agencies and Independent Organizations,1801,3020CRE-2026-0003,https://www.usajobs.gov/job/872567500,applied,2026-06,rule of many
872982100,2026-06-12,2026-06-29,Development Finance Corporation,Other Agencies and Independent Organizations,0510,26-OCFO-DE-12981620-KS,https://www.usajobs.gov/job/872982100,applied,2026-06,rule of many
872997700,2026-06-12,2026-06-17,Federal Communications Commission,Other Agencies and Independent Organizations,1035,DEU-OMR-2026-001,https://www.usajobs.gov/job/872997700,applied,2026-06,rule of many
872827900,2026-06-12,2026-06-25,Federal Transit Administration,Department of Transportation,0343,FTA.TPM-2026-0006,https://www.usajobs.gov/job/872827900,negated,2026-06,rule of many
872952800,2026-06-12,2026-06-17,National Labor Relations Board,Other Agencies and Independent Organizations,2210,NL26DH12977106ZA,https://www.usajobs.gov/job/872952800,negated,2026-06,rule of many
872816500,2026-06-12,2026-06-18,Other Agencies and Independent Organizations,Department of Energy,1082,26-IG-12982161-DE-KP,https://www.usajobs.gov/job/872816500,applied,2026-06,rule of many
872889800,2026-06-15,2026-06-23,Bureau of the Fiscal Service,Department of the Treasury,1160,26-FS-12983435-P,https://www.usajobs.gov/job/872889800,applied,2026-06,rule of many
873031000,2026-06-15,2026-06-24,Federal Communications Commission,Other Agencies and Independent Organizations,1099,PATHWAYS-OMR-2026-001,https://www.usajobs.gov/job/873031000,applied,2026-06,rule of many
873101800,2026-06-15,2026-06-29,National Gallery of Art,Other Agencies and Independent Organizations,1010,NGA-26-164-DE,https://www.usajobs.gov/job/873101800,negated,2026-06,rule of many
873118000,2026-06-16,2026-06-23,Bureau of the Fiscal Service,Department of the Treasury,0511,26-FS-12983559-P,https://www.usajobs.gov/job/873118000,applied,2026-06,rule of many
873234400,2026-06-16,2026-06-22,"Offices, Boards and Divisions",Department of Justice,0950,NSD-26-12984084-DE,https://www.usajobs.gov/job/873234400,applied,2026-06,rule of many
873541900,2026-06-17,2026-07-03,Federal Communications Commission,Other Agencies and Independent Organizations,1199,PATHWAYS-OEA-2026-003,https://www.usajobs.gov/job/873541900,applied,2026-06,rule of many
873531700,2026-06-17,2026-06-23,National Labor Relations Board,Other Agencies and Independent Organizations,2210,NL26DH12989108ZA,https://www.usajobs.gov/job/873531700,negated,2026-06,rule of many
873332000,2026-06-17,2026-06-29,Southwestern Power Administration,Department of Energy,0525,26-SW-00755-12987301-DE,https://www.usajobs.gov/job/873332000,applied,2026-06,rule of many
873333700,2026-06-17,2026-06-29,Southwestern Power Administration,Department of Energy,0525,26-SW-00756-12987473-DE,https://www.usajobs.gov/job/873333700,applied,2026-06,rule of many
873472000,2026-06-18,2026-06-29,Bureau of the Fiscal Service,Department of the Treasury,0511,26-FS-12971585-P,https://www.usajobs.gov/job/873472000,applied,2026-06,rule of many
873583700,2026-06-18,2026-06-26,National Labor Relations Board,Other Agencies and Independent Organizations,0905,NL26EX12988487CF,https://www.usajobs.gov/job/873583700,applied,2026-06,rule of many
873324600,2026-06-22,2026-07-06,Export-Import Bank of the United States,Other Agencies and Independent Organizations,0080,D26-TJ-12981761-SEC,https://www.usajobs.gov/job/873324600,applied,2026-06,rule of many
873323400,2026-06-22,2026-07-06,Export-Import Bank of the United States,Other Agencies and Independent Organizations,0080,M26-TJ-12982029-SEC,https://www.usajobs.gov/job/873323400,applied,2026-06,rule of many
873787400,2026-06-23,2026-07-01,National Archives and Records Administration,Other Agencies and Independent Organizations,0511,DE-12987807-26-MU,https://www.usajobs.gov/job/873787400,applied,2026-06,rule of many
874116300,2026-06-24,2026-07-02,Cybersecurity and Infrastructure Security Agency,Department of Homeland Security,0132,IOD-DE-12991212-26-MYC,https://www.usajobs.gov/job/874116300,applied,2026-06,rule of many
874185400,2026-06-24,2026-07-06,Federal Housing Finance Agency,Other Agencies and Independent Organizations,2210,OCIO-26-05-DE,https://www.usajobs.gov/job/874185400,applied,2026-06,rule of many
873935700,2026-06-24,2026-07-02,National Archives and Records Administration,Other Agencies and Independent Organizations,1016,DE-12989673-26-JB,https://www.usajobs.gov/job/873935700,applied,2026-06,rule of many
874085500,2026-06-24,2026-06-30,Office of Inspector General,Department of Housing and Urban Development,0511,26-HUD OIG-12991364 -X,https://www.usajobs.gov/job/874085500,applied,2026-06,rule of many
874222000,2026-06-24,2026-07-06,Office of Justice Programs,Department of Justice,0201,JP-26-003,https://www.usajobs.gov/job/874222000,applied,2026-06,rule of many
874223000,2026-06-24,2026-06-26,Other Agencies and Independent Organizations,Department of State,0301,R/ECA-DEU-2026-0001,https://www.usajobs.gov/job/874223000,applied,2026-06,named mechanism
874280200,2026-06-25,2026-07-13,Development Finance Corporation,Other Agencies and Independent Organizations,0343,26-OPI-DE-12992222-MB,https://www.usajobs.gov/job/874280200,applied,2026-06,rule of many
874280400,2026-06-25,2026-07-13,Development Finance Corporation,Other Agencies and Independent Organizations,0340,26-OPI-DE-12992244-MB,https://www.usajobs.gov/job/874280400,applied,2026-06,rule of many
874440700,2026-06-26,2026-07-06,Bureau of Economic Analysis,Department of Commerce,0510,26-BEA-DID-12992687-DE-SB,https://www.usajobs.gov/job/874440700,applied,2026-06,rule of many
874390500,2026-06-26,2026-07-10,Federal Transit Administration,Department of Transportation,1109,FTA.RO-2026-0012,https://www.usajobs.gov/job/874390500,negated,2026-06,rule of many
874424000,2026-06-26,2026-07-09,Federal Transit Administration,Department of Transportation,0560,FTA.TBP-2026-0001,https://www.usajobs.gov/job/874424000,negated,2026-06,rule of many
874324500,2026-06-26,2026-07-07,National Archives and Records Administration,Other Agencies and Independent Organizations,1083,DE-12993293-26-TY,https://www.usajobs.gov/job/874324500,applied,2026-06,rule of many
874368400,2026-06-26,2026-07-07,National Archives and Records Administration,Other Agencies and Independent Organizations,1060,DE-12992577-26-KB,https://www.usajobs.gov/job/874368400,applied,2026-06,rule of many
874615800,2026-06-26,2026-07-06,National Labor Relations Board,Other Agencies and Independent Organizations,0244,NL26DE12995376KR,https://www.usajobs.gov/job/874615800,applied,2026-06,rule of many
874616200,2026-06-26,2026-07-08,National Labor Relations Board,Other Agencies and Independent Organizations,1801,NL26DE12995454KR,https://www.usajobs.gov/job/874616200,applied,2026-06,rule of many
874620400,2026-06-26,2026-07-06,National Labor Relations Board,Other Agencies and Independent Organizations,0905,NL26EX12995375ZA,https://www.usajobs.gov/job/874620400,applied,2026-06,rule of many
874420000,2026-06-26,2026-07-07,Other Agencies and Independent Organizations,Department of State,0810,M/OBO-DEU-2026-0003,https://www.usajobs.gov/job/874420000,applied,2026-06,named mechanism
874516700,2026-06-26,2026-07-06,Southwestern Power Administration,Department of Energy,0850,26-SW-00804-12992516-DE,https://www.usajobs.gov/job/874516700,applied,2026-06,rule of many
874431200,2026-06-26,2026-07-10,Western Area Power Administration,Department of Energy,0850,26-WB-00408-12993461-DE,https://www.usajobs.gov/job/874431200,applied,2026-06,rule of many
874626000,2026-06-29,2026-07-03,Social Security Administration,Other Agencies and Independent Organizations,1529,SSA-12991513-26  RQ  DHA,https://www.usajobs.gov/job/874626000,negated,2026-06,rule of many
874798200,2026-06-30,2026-07-20,Federal Highway Administration,Department of Transportation,0810,FHWA.FO-2026-0006,https://www.usajobs.gov/job/874798200,negated,2026-06,rule of many
875082100,2026-07-01,2026-07-15,Federal Transit Administration,Department of Transportation,1109,FTA.R3-2026-0003,https://www.usajobs.gov/job/875082100,negated,2026-07,rule of many
874858500,2026-07-01,2026-07-10,National Archives and Records Administration,Other Agencies and Independent Organizations,1421,DE-12995730-26-MU,https://www.usajobs.gov/job/874858500,applied,2026-07,rule of many
875034900,2026-07-01,2026-07-10,National Archives and Records Administration,Other Agencies and Independent Organizations,1421,DE-12998116-26-LD,https://www.usajobs.gov/job/875034900,applied,2026-07,rule of many
875151200,2026-07-01,2026-07-07,National Labor Relations Board,Other Agencies and Independent Organizations,0905,NL26DE12998715AC,https://www.usajobs.gov/job/875151200,applied,2026-07,rule of many
874976500,2026-07-01,2026-07-07,Naval Facilities Engineering Systems Command,Department of the Navy,6910,ST-12994883-26-CJS,https://www.usajobs.gov/job/874976500,applied,2026-07,rule of many
875233100,2026-07-02,2026-07-08,Federal Highway Administration,Department of Transportation,0810,FHWA.EFL-2026-0015,https://www.usajobs.gov/job/875233100,negated,2026-07,rule of many
875209100,2026-07-02,2026-09-30,Federal Railroad Administration,Department of Transportation,2121,FRA.DH-2026-0005,https://www.usajobs.gov/job/875209100,negated,2026-07,rule of many
875014300,2026-07-02,2026-07-13,National Archives and Records Administration,Other Agencies and Independent Organizations,1421,DE-12997634-26-AM,https://www.usajobs.gov/job/875014300,applied,2026-07,rule of many
875225500,2026-07-02,2026-07-13,National Archives and Records Administration,Other Agencies and Independent Organizations,0343,DE-12998410-26-BS,https://www.usajobs.gov/job/875225500,applied,2026-07,rule of many
875230500,2026-07-02,2026-07-13,National Archives and Records Administration,Other Agencies and Independent Organizations,1001,DE-12999281-26-MU,https://www.usajobs.gov/job/875230500,applied,2026-07,rule of many
875262900,2026-07-02,2026-07-13,National Archives and Records Administration,Other Agencies and Independent Organizations,1421,DE-12999182-26-AM,https://www.usajobs.gov/job/875262900,applied,2026-07,rule of many
875294700,2026-07-02,2026-07-13,National Archives and Records Administration,Other Agencies and Independent Organizations,1421,DE-12999501-26-BS,https://www.usajobs.gov/job/875294700,applied,2026-07,rule of many
875286700,2026-07-02,2026-07-15,National Labor Relations Board,Other Agencies and Independent Organizations,0905,NL26EX12993884KR,https://www.usajobs.gov/job/875286700,applied,2026-07,rule of many
875286600,2026-07-02,2026-07-15,National Labor Relations Board,Other Agencies and Independent Organizations,0905,NL26EX12993803CF,https://www.usajobs.gov/job/875286600,applied,2026-07,rule of many
875285900,2026-07-02,2026-07-15,National Labor Relations Board,Other Agencies and Independent Organizations,0905,NL26EX12993697KR,https://www.usajobs.gov/job/875285900,applied,2026-07,rule of many
875285700,2026-07-02,2026-07-15,National Labor Relations Board,Other Agencies and Independent Organizations,0905,NL26EX12993547KR,https://www.usajobs.gov/job/875285700,applied,2026-07,rule of many
875597100,2026-07-02,2026-07-21,Office of the Secretary of Transportation,Department of Transportation,0501,OST.M-2026-0011,https://www.usajobs.gov/job/875597100,negated,2026-07,rule of many
875439200,2026-07-03,2026-08-03,Pipeline and Hazardous Materials Safety Administration,Department of Transportation,0801,PHMSA.PSRG-2026-0018,https://www.usajobs.gov/job/875439200,negated,2026-07,rule of many
875382200,2026-07-06,2026-07-10,Equal Employment Opportunity Commission,Other Agencies and Independent Organizations,0201,DE-12995891-26-SM,https://www.usajobs.gov/job/875382200,applied,2026-07,rule of many
875413400,2026-07-06,2026-07-14,Internal Revenue Service,Department of the Treasury,0301,CCLO-26-12985905-DE,https://www.usajobs.gov/job/875413400,applied,2026-07,rule of many
875381400,2026-07-06,2026-07-14,National Archives and Records Administration,Other Agencies and Independent Organizations,1015,DE-12998659-26-LD,https://www.usajobs.gov/job/875381400,applied,2026-07,named mechanism
875440800,2026-07-06,2026-08-06,Pipeline and Hazardous Materials Safety Administration,Department of Transportation,0801,PHMSA.PSRG-2026-0018,https://www.usajobs.gov/job/875440800,negated,2026-07,rule of many
875603100,2026-07-07,2026-08-07,Federal Highway Administration,Department of Transportation,0020,FHWA.HEP-2026-0002,https://www.usajobs.gov/job/875603100,negated,2026-07,rule of many
875354800,2026-07-07,2026-07-21,Federal Motor Carrier Safety Administration,Department of Transportation,2101,FMCSA.R-2026-0001,https://www.usajobs.gov/job/875354800,negated,2026-07,rule of many
875413900,2026-07-07,2026-07-21,Federal Transit Administration,Department of Transportation,0028,FTA.TPE-2026-0002,https://www.usajobs.gov/job/875413900,negated,2026-07,rule of many
875474600,2026-07-07,2026-07-20,Federal Transit Administration,Department of Transportation,2101,FTA.R5-2026-0001,https://www.usajobs.gov/job/875474600,negated,2026-07,rule of many
875572800,2026-07-07,2026-07-21,National Gallery of Art,Other Agencies and Independent Organizations,4102,NGA-26-120-DE,https://www.usajobs.gov/job/875572800,negated,2026-07,rule of many
875461600,2026-07-07,2026-09-30,Social Security Administration,Other Agencies and Independent Organizations,2210,SSA-12999738-26-DHA-CIO,https://www.usajobs.gov/job/875461600,negated,2026-07,rule of many
875779200,2026-07-08,2026-07-17,Federal Communications Commission,Other Agencies and Independent Organizations,0511,DEU-OIG-2026-005,https://www.usajobs.gov/job/875779200,applied,2026-07,rule of many
875648800,2026-07-08,2026-07-21,Federal Transit Administration,Department of Transportation,1560,FTA.TOA-2026-0001,https://www.usajobs.gov/job/875648800,negated,2026-07,rule of many
875782100,2026-07-08,2026-07-15,National Labor Relations Board,Other Agencies and Independent Organizations,0905,NL26IMP13002106NC,https://www.usajobs.gov/job/875782100,applied,2026-07,rule of many
875919200,2026-07-09,2026-07-20,Cybersecurity and Infrastructure Security Agency,Department of Homeland Security,0306,PACT-DE-13002251-26-KR,https://www.usajobs.gov/job/875919200,applied,2026-07,rule of many
875845500,2026-07-09,2026-07-16,Federal Emergency Management Agency,Department of Homeland Security,0080,FEMA-LB-13002105-DE,https://www.usajobs.gov/job/875845500,applied,2026-07,named mechanism
875894000,2026-07-09,2026-08-10,Federal Highway Administration,Department of Transportation,0810,FHWA.EFL-2026-0016,https://www.usajobs.gov/job/875894000,negated,2026-07,rule of many
875979000,2026-07-09,2026-07-15,National Highway Traffic Safety Administration,Department of Transportation,0801,NHTSA.NEF-2026-0005,https://www.usajobs.gov/job/875979000,negated,2026-07,rule of many
875887500,2026-07-09,2026-07-21,National Labor Relations Board,Other Agencies and Independent Organizations,0904,NL26EX13002324CF,https://www.usajobs.gov/job/875887500,applied,2026-07,rule of many
876196600,2026-07-09,2026-07-17,National Labor Relations Board,Other Agencies and Independent Organizations,0244,NL26DE13004080DE,https://www.usajobs.gov/job/876196600,applied,2026-07,rule of many
876193300,2026-07-09,2026-07-17,National Labor Relations Board,Other Agencies and Independent Organizations,0244,NL26DE13004161DE,https://www.usajobs.gov/job/876193300,applied,2026-07,rule of many
876192800,2026-07-09,2026-07-17,National Labor Relations Board,Other Agencies and Independent Organizations,0905,NL26EX13003858DE,https://www.usajobs.gov/job/876192800,applied,2026-07,rule of many
876192500,2026-07-09,2026-07-17,National Labor Relations Board,Other Agencies and Independent Organizations,0905,NL26EX13003763DE,https://www.usajobs.gov/job/876192500,applied,2026-07,rule of many
875834600,2026-07-09,2026-07-20,Office of Justice Programs,Department of Justice,1109,JP-26-007,https://www.usajobs.gov/job/875834600,applied,2026-07,rule of many
876191700,2026-07-10,2026-07-17,National Labor Relations Board,Other Agencies and Independent Organizations,0303,NL26DE13003625DE,https://www.usajobs.gov/job/876191700,applied,2026-07,rule of many
876192100,2026-07-10,2026-07-17,National Labor Relations Board,Other Agencies and Independent Organizations,0303,NL26DE13003727DE,https://www.usajobs.gov/job/876192100,applied,2026-07,rule of many
876023300,2026-07-10,2026-07-20,Office of Justice Programs,Department of Justice,1109,JP-26-012,https://www.usajobs.gov/job/876023300,applied,2026-07,rule of many
875943500,2026-07-10,2026-07-20,U.S. Fish and Wildlife Service,Department of the Interior,5334,DE-13001806-26-CP,https://www.usajobs.gov/job/875943500,applied,2026-07,rule of many
876149700,2026-07-13,2026-07-31,Development Finance Corporation,Other Agencies and Independent Organizations,1101,26-OE/OI-DE-13003101-AQ,https://www.usajobs.gov/job/876149700,applied,2026-07,rule of many
876308500,2026-07-13,2026-07-27,Federal Motor Carrier Safety Administration,Department of Transportation,2101,FMCSA.DH-2026-0001,https://www.usajobs.gov/job/876308500,negated,2026-07,rule of many
876122700,2026-07-13,2027-01-13,Government Publishing Office,Legislative Branch,0083,26-12986474-DE-ROM-JJ,https://www.usajobs.gov/job/876122700,applied,2026-07,rule of many
876239000,2026-07-13,2026-08-03,National Gallery of Art,Other Agencies and Independent Organizations,1015,NGA-26-213-DE,https://www.usajobs.gov/job/876239000,negated,2026-07,rule of many
876284700,2026-07-13,2026-07-27,National Gallery of Art,Other Agencies and Independent Organizations,1015,NGA-26-200-DE,https://www.usajobs.gov/job/876284700,negated,2026-07,rule of many
876317000,2026-07-13,2026-07-23,National Highway Traffic Safety Administration,Department of Transportation,0801,NHTSA.NRM-2026-0006,https://www.usajobs.gov/job/876317000,negated,2026-07,rule of many
876144200,2026-07-13,2026-07-24,Social Security Administration,Other Agencies and Independent Organizations,1102,SSA-12997704-26  COSS-DHA,https://www.usajobs.gov/job/876144200,negated,2026-07,rule of many
876143700,2026-07-13,2026-07-24,Social Security Administration,Other Agencies and Independent Organizations,1102,SSA-12997651-26  COSS-DHA,https://www.usajobs.gov/job/876143700,negated,2026-07,rule of many
876512800,2026-07-14,2026-07-24,Consumer Product Safety Commission,Other Agencies and Independent Organizations,1560,4300EP-26-20261581103,https://www.usajobs.gov/job/876512800,applied,2026-07,named mechanism
876298600,2026-07-14,2026-07-28,Federal Highway Administration,Department of Transportation,0340,FHWA.FO-2026-0007,https://www.usajobs.gov/job/876298600,negated,2026-07,rule of many
876492900,2026-07-14,2026-07-27,Federal Transit Administration,Department of Transportation,0028,FTA.TPE-2026-0001,https://www.usajobs.gov/job/876492900,negated,2026-07,rule of many
876363900,2026-07-14,2026-08-03,National Highway Traffic Safety Administration,Department of Transportation,0801,NHTSA.NRM-2026-0007,https://www.usajobs.gov/job/876363900,negated,2026-07,rule of many
876420600,2026-07-14,2026-07-28,Office of the Comptroller of the Currency,Department of the Treasury,2210,DEU-WT-26-5523-13005993,https://www.usajobs.gov/job/876420600,applied,2026-07,rule of many
876544900,2026-07-14,2026-07-28,Other Agencies and Independent Organizations,Court Services and Offender Supervision Agency for DC,0102,OC-26-12970245-DEU-DJ,https://www.usajobs.gov/job/876544900,negated,2026-07,rule of many
876508400,2026-07-14,2026-07-21,Western Area Power Administration,Department of Energy,0850,26-WJ-00870-13005169-IMP,https://www.usajobs.gov/job/876508400,applied,2026-07,rule of many
876681800,2026-07-15,2026-07-24,Federal Highway Administration,Department of Transportation,0810,FHWA.EFL-2026-0017,https://www.usajobs.gov/job/876681800,negated,2026-07,rule of many
876605800,2026-07-15,2026-08-05,Federal Highway Administration,Department of Transportation,0801,FHWA.HRT-2026-0004,https://www.usajobs.gov/job/876605800,negated,2026-07,rule of many
876518500,2026-07-15,2026-07-21,National Institute of Standards and Technology,Department of Commerce,1001,ADIIS-401-26-13005126-AS,https://www.usajobs.gov/job/876518500,applied,2026-07,rule of many
876736600,2026-07-15,2026-07-20,National Labor Relations Board,Other Agencies and Independent Organizations,1411,NL26DE13007215ZA,https://www.usajobs.gov/job/876736600,applied,2026-07,rule of many
876513700,2026-07-15,2026-07-21,National Labor Relations Board,Other Agencies and Independent Organizations,0950,NL26DE13005607ZA,https://www.usajobs.gov/job/876513700,applied,2026-07,rule of many
876516400,2026-07-15,2026-08-10,Office of the Secretary of the Interior,Department of the Interior,0950,OS-13005037-26-SS-DE,https://www.usajobs.gov/job/876516400,applied,2026-07,rule of many
877233400,2026-07-15,2026-07-29,Other Agencies and Independent Organizations,Department of State,0967,M/CA-DEU-2026-0008,https://www.usajobs.gov/job/877233400,applied,2026-07,named mechanism
876474300,2026-07-15,2026-07-22,"Treasury, Departmental Offices",Department of the Treasury,0343,26-DO-13001055,https://www.usajobs.gov/job/876474300,applied,2026-07,named mechanism
876748000,2026-07-16,2026-07-21,Export-Import Bank of the United States,Other Agencies and Independent Organizations,0301,IM26-FK-13007662-EA,https://www.usajobs.gov/job/876748000,applied,2026-07,rule of many
876768000,2026-07-16,2026-07-22,Federal Emergency Management Agency,Department of Homeland Security,0301,FEMA-LB-13005907-DE,https://www.usajobs.gov/job/876768000,applied,2026-07,named mechanism
876634800,2026-07-16,2026-07-29,Federal Transit Administration,Department of Transportation,0343,FTA.TPM-2026-0007,https://www.usajobs.gov/job/876634800,negated,2026-07,rule of many
876374900,2026-07-16,2026-08-06,National Gallery of Art,Other Agencies and Independent Organizations,1016,NGA-26-186-DE,https://www.usajobs.gov/job/876374900,negated,2026-07,rule of many
876619000,2026-07-16,2026-08-15,Social Security Administration,Other Agencies and Independent Organizations,0105,SSA-13007159-DHA-26-FO,https://www.usajobs.gov/job/876619000,negated,2026-07,rule of many
876713100,2026-07-16,2026-08-15,Social Security Administration,Other Agencies and Independent Organizations,0105,SSA-13006976-DHA-26-FO,https://www.usajobs.gov/job/876713100,negated,2026-07,rule of many
876524900,2026-07-16,2026-08-15,Social Security Administration,Other Agencies and Independent Organizations,0105,SSA-13006732-DHA-26-FO,https://www.usajobs.gov/job/876524900,negated,2026-07,rule of many
876804800,2026-07-17,2026-07-31,Bureau of Engraving and Printing,Department of the Treasury,0850,26-BEP-12997285-P,https://www.usajobs.gov/job/876804800,applied,2026-07,rule of many
876873100,2026-07-17,2026-07-29,Federal Highway Administration,Department of Transportation,0020,FHWA.FO-2026-0009,https://www.usajobs.gov/job/876873100,negated,2026-07,rule of many
877089100,2026-07-17,2026-07-27,Federal Highway Administration,Department of Transportation,2101,FHWA.DH-2026-0003,https://www.usajobs.gov/job/877089100,negated,2026-07,rule of many
876750300,2026-07-17,2026-08-07,National Gallery of Art,Other Agencies and Independent Organizations,0905,NGA-26-206-DE,https://www.usajobs.gov/job/876750300,negated,2026-07,rule of many
877129900,2026-07-17,2026-07-24,National Labor Relations Board,Other Agencies and Independent Organizations,0244,NL26DE13008386DE,https://www.usajobs.gov/job/877129900,applied,2026-07,rule of many
877130100,2026-07-17,2026-07-24,National Labor Relations Board,Other Agencies and Independent Organizations,0905,NL26EX13008508DE,https://www.usajobs.gov/job/877130100,applied,2026-07,rule of many
877056100,2026-07-17,2026-07-31,Office of the Comptroller of the Currency,Department of the Treasury,0570,EXT-MT-26-5524-13013526,https://www.usajobs.gov/job/877056100,applied,2026-07,rule of many
877049100,2026-07-17,2026-08-03,U.S. Fish and Wildlife Service,Department of the Interior,5716,FWS-DE-13013777-26-CP,https://www.usajobs.gov/job/877049100,applied,2026-07,rule of many
877032200,2026-07-20,2026-08-19,Federal Highway Administration,Department of Transportation,2101,FHWA.FO-2026-0010,https://www.usajobs.gov/job/877032200,negated,2026-07,rule of many
877197200,2026-07-20,2026-08-03,Federal Transit Administration,Department of Transportation,0340,FTA.TPO-2026-0001,https://www.usajobs.gov/job/877197200,negated,2026-07,rule of many
877106700,2026-07-20,2026-07-29,Federal Transit Administration,Department of Transportation,0343,FTA.TCA-2026-0002,https://www.usajobs.gov/job/877106700,negated,2026-07,rule of many
877149500,2026-07-20,2026-08-17,"Offices, Boards and Divisions",Department of Justice,0601,DE-13013544-26-BLC,https://www.usajobs.gov/job/877149500,applied,2026-07,rule of many
877030800,2026-07-20,2026-08-17,"Treasury, Departmental Offices",Department of the Treasury,0301,26-DO-12989573-P,https://www.usajobs.gov/job/877030800,applied,2026-07,rule of many
877452100,2026-07-21,2026-07-31,Consumer Product Safety Commission,Other Agencies and Independent Organizations,0110,4100EC-26-20261745322,https://www.usajobs.gov/job/877452100,applied,2026-07,named mechanism
877315800,2026-07-21,2026-08-04,National Gallery of Art,Other Agencies and Independent Organizations,5703,NGA-26-198-DE,https://www.usajobs.gov/job/877315800,negated,2026-07,rule of many
877348600,2026-07-21,2026-08-07,National Gallery of Art,Other Agencies and Independent Organizations,3603,NGA-26-122-DE,https://www.usajobs.gov/job/877348600,negated,2026-07,rule of many
877239000,2026-07-21,2026-08-03,Other Agencies and Independent Organizations,Department of State,0967,M/CA-DEU-2026-0008,https://www.usajobs.gov/job/877239000,applied,2026-07,named mechanism
877359100,2026-07-21,2026-08-10,"Treasury, Departmental Offices",Department of the Treasury,0510,26-DO-12978494,https://www.usajobs.gov/job/877359100,applied,2026-07,rule of many
877512900,2026-07-22,2026-08-03,Consumer Product Safety Commission,Other Agencies and Independent Organizations,1560,2000EX-26-20261733295,https://www.usajobs.gov/job/877512900,applied,2026-07,named mechanism
877644100,2026-07-22,2026-08-06,Federal Communications Commission,Other Agencies and Independent Organizations,2210,DEU-OMD-2026-009,https://www.usajobs.gov/job/877644100,applied,2026-07,rule of many
877645200,2026-07-22,2026-08-06,Federal Communications Commission,Other Agencies and Independent Organizations,2210,DEU-OMD-2026-008,https://www.usajobs.gov/job/877645200,applied,2026-07,rule of many
877654900,2026-07-22,2026-08-06,Federal Communications Commission,Other Agencies and Independent Organizations,0999,PATHWAYS-OIG-2026-002,https://www.usajobs.gov/job/877654900,applied,2026-07,rule of many
877464300,2026-07-22,2026-08-05,Federal Highway Administration,Department of Transportation,0501,FHWA.FO-2026-0011,https://www.usajobs.gov/job/877464300,negated,2026-07,rule of many
877623000,2026-07-22,2026-08-04,Federal Highway Administration,Department of Transportation,0028,FHWA.DH-2026-0004,https://www.usajobs.gov/job/877623000,negated,2026-07,rule of many
877662100,2026-07-22,2026-08-14,Federal Highway Administration,Department of Transportation,0810,FHWA.EFL-2026-0020,https://www.usajobs.gov/job/877662100,negated,2026-07,rule of many
877556700,2026-07-22,2026-08-11,Federal Transit Administration,Department of Transportation,0801,FTA.R4-2026-0002,https://www.usajobs.gov/job/877556700,negated,2026-07,rule of many
877604500,2026-07-22,2026-07-27,National Labor Relations Board,Other Agencies and Independent Organizations,0501,NL26DE13016575ZA,https://www.usajobs.gov/job/877604500,applied,2026-07,rule of many
877630200,2026-07-22,2026-07-29,National Labor Relations Board,Other Agencies and Independent Organizations,0511,NL26DE13011870BJ,https://www.usajobs.gov/job/877630200,applied,2026-07,rule of many
877744200,2026-07-23,2026-07-31,Internal Revenue Service,Department of the Treasury,0950,CCLO-26-12987967-DE,https://www.usajobs.gov/job/877744200,applied,2026-07,rule of many
877644400,2026-07-23,2026-07-30,National Gallery of Art,Other Agencies and Independent Organizations,0343,NGA-26-053R-DE,https://www.usajobs.gov/job/877644400,negated,2026-07,rule of many
877862600,2026-07-23,2026-07-28,National Labor Relations Board,Other Agencies and Independent Organizations,0303,NL26DE13015783DE,https://www.usajobs.gov/job/877862600,applied,2026-07,rule of many
877862900,2026-07-23,2026-07-28,National Labor Relations Board,Other Agencies and Independent Organizations,0303,NL26DE13015835DE,https://www.usajobs.gov/job/877862900,applied,2026-07,rule of many
877864600,2026-07-23,2026-07-30,National Labor Relations Board,Other Agencies and Independent Organizations,0905,NL26EX13016230DE,https://www.usajobs.gov/job/877864600,applied,2026-07,rule of many
877752700,2026-07-23,2026-08-06,"Offices, Boards and Divisions",Department of Justice,0301,26-OEO-KK-022,https://www.usajobs.gov/job/877752700,applied,2026-07,rule of many
877659800,2026-07-23,2026-08-03,Western Area Power Administration,Department of Energy,0855 | 0850,26-WA-00412-13015050-DE,https://www.usajobs.gov/job/877659800,applied,2026-07,rule of many
877998000,2026-07-24,2026-07-28,Federal Communications Commission,Other Agencies and Independent Organizations,0511,DEU-OIG-2026-006,https://www.usajobs.gov/job/877998000,applied,2026-07,rule of many
877715900,2026-07-24,2026-08-07,Federal Highway Administration,Department of Transportation,0501,FHWA.FO-2026-0012,https://www.usajobs.gov/job/877715900,negated,2026-07,rule of many
877864800,2026-07-24,2026-07-30,National Labor Relations Board,Other Agencies and Independent Organizations,0905,NL26EX13016270DE,https://www.usajobs.gov/job/877864800,applied,2026-07,rule of many
877865200,2026-07-24,2026-07-30,National Labor Relations Board,Other Agencies and Independent Organizations,0905,NL26EX13016239DE,https://www.usajobs.gov/job/877865200,applied,2026-07,rule of many
877865600,2026-07-24,2026-07-30,National Labor Relations Board,Other Agencies and Independent Organizations,0905,NL26EX13016266DE,https://www.usajobs.gov/job/877865600,applied,2026-07,rule of many
877865800,2026-07-24,2026-07-30,National Labor Relations Board,Other Agencies and Independent Organizations,0244,NL26DE13016246DE,https://www.usajobs.gov/job/877865800,applied,2026-07,rule of many
877866000,2026-07-24,2026-07-30,National Labor Relations Board,Other Agencies and Independent Organizations,0244,NL26DE13016274DE,https://www.usajobs.gov/job/877866000,applied,2026-07,rule of many
877866200,2026-07-24,2026-07-30,National Labor Relations Board,Other Agencies and Independent Organizations,0244,NL26DE13016260DE,https://www.usajobs.gov/job/877866200,applied,2026-07,rule of many
877866400,2026-07-24,2026-07-30,National Labor Relations Board,Other Agencies and Independent Organizations,0244,NL26DE13016280DE,https://www.usajobs.gov/job/877866400,applied,2026-07,rule of many
877997400,2026-07-24,2026-08-03,National Labor Relations Board,Other Agencies and Independent Organizations,0905,NL26EX13019709ZA,https://www.usajobs.gov/job/877997400,applied,2026-07,rule of many
877997300,2026-07-24,2026-08-03,National Labor Relations Board,Other Agencies and Independent Organizations,0905,NL26EX13019792ZA,https://www.usajobs.gov/job/877997300,applied,2026-07,rule of many
877923500,2026-07-24,2026-08-10,Office of Justice Programs,Department of Justice,0301,JP-26-009,https://www.usajobs.gov/job/877923500,applied,2026-07,rule of many
877844600,2026-07-24,2026-08-07,Other Agencies and Independent Organizations,Department of State,0343,M/CA-DEU-2026-0009,https://www.usajobs.gov/job/877844600,applied,2026-07,named mechanism
877765200,2026-07-24,2026-07-24,Other Agencies and Independent Organizations,Department of State,0343,R/GPA-DEU-2026-0002,https://www.usajobs.gov/job/877765200,applied,2026-07,named mechanism
877995500,2026-07-24,2026-07-31,Social Security Administration,Other Agencies and Independent Organizations,0602,SSA-13020750-26-DHA-HR,https://www.usajobs.gov/job/877995500,negated,2026-07,rule of many
877917100,2026-07-27,2026-08-10,Bureau of Engraving and Printing,Department of the Treasury,0301,26-BEP-13003707-P,https://www.usajobs.gov/job/877917100,applied,2026-07,rule of many
877994900,2026-07-27,2026-08-14,Development Finance Corporation,Other Agencies and Independent Organizations,1101,26-OHA/OSBFS-DE-13019506-AQ,https://www.usajobs.gov/job/877994900,applied,2026-07,rule of many
878156400,2026-07-27,2026-08-04,Equal Employment Opportunity Commission,Other Agencies and Independent Organizations,1860,DE-13016365-26-FRB,https://www.usajobs.gov/job/878156400,applied,2026-07,rule of many
878152100,2026-07-27,2026-08-04,Equal Employment Opportunity Commission,Other Agencies and Independent Organizations,1802,DE-12999729-26-FRB,https://www.usajobs.gov/job/878152100,applied,2026-07,rule of many
877954300,2026-07-27,2026-08-10,Export-Import Bank of the United States,Other Agencies and Independent Organizations,0501,D26-AR-13014475-CFO,https://www.usajobs.gov/job/877954300,applied,2026-07,rule of many
877955600,2026-07-27,2026-08-10,Export-Import Bank of the United States,Other Agencies and Independent Organizations,0501,M26-AR-13014476-CFO,https://www.usajobs.gov/job/877955600,applied,2026-07,rule of many
878013900,2026-07-27,2026-08-05,Federal Highway Administration,Department of Transportation,0810,FHWA.DH-2026-0006,https://www.usajobs.gov/job/878013900,negated,2026-07,rule of many
877950800,2026-07-27,2026-08-10,Federal Transit Administration,Department of Transportation,0020,FTA.RO-2026-0014,https://www.usajobs.gov/job/877950800,negated,2026-07,rule of many
877960200,2026-07-27,2026-08-10,Social Security Administration,Other Agencies and Independent Organizations,2210,SSA-12965725-26-DHA-CIO,https://www.usajobs.gov/job/877960200,negated,2026-07,rule of many
878020800,2026-07-27,2026-07-31,Social Security Administration,Other Agencies and Independent Organizations,0105,SSA-13020882-DHA-26-FO,https://www.usajobs.gov/job/878020800,negated,2026-07,rule of many
878023200,2026-07-27,2026-08-07,Social Security Administration,Other Agencies and Independent Organizations,1560,SSA-13019906-26-DHA-RQ,https://www.usajobs.gov/job/878023200,negated,2026-07,rule of many
878023600,2026-07-27,2026-07-31,Social Security Administration,Other Agencies and Independent Organizations,1102,SSA-13020029-26-COSS   DH,https://www.usajobs.gov/job/878023600,negated,2026-07,rule of many
878079100,2026-07-27,2026-07-31,Social Security Administration,Other Agencies and Independent Organizations,0105,SSA-13020812-DHA-26-FO,https://www.usajobs.gov/job/878079100,negated,2026-07,rule of many
878207100,2026-07-28,2026-08-07,Consumer Product Safety Commission,Other Agencies and Independent Organizations,1515,4312EPDSD-26-20261764040,https://www.usajobs.gov/job/878207100,applied,2026-07,named mechanism
878355900,2026-07-28,2026-08-07,Consumer Product Safety Commission,Other Agencies and Independent Organizations,1560,2000EX-26-20261783126,https://www.usajobs.gov/job/878355900,applied,2026-07,named mechanism
878116900,2026-07-28,2026-08-18,Federal Highway Administration,Department of Transportation,0810,FHWA.DH-2026-0007,https://www.usajobs.gov/job/878116900,negated,2026-07,rule of many
878337000,2026-07-28,2026-08-06,Federal Highway Administration,Department of Transportation,0340,FHWA.WFL-2026-0008,https://www.usajobs.gov/job/878337000,negated,2026-07,rule of many
878254700,2026-07-28,2026-08-10,Government Publishing Office,Legislative Branch,4402,26-13005497-DE-SL,https://www.usajobs.gov/job/878254700,applied,2026-07,rule of many
878061500,2026-07-28,2026-08-06,National Cemetery Administration,Department of Veterans Affairs,1630,RP-26-RMA-13021595-828-DE,https://www.usajobs.gov/job/878061500,applied,2026-07,rule of many
878154700,2026-07-28,2026-08-06,National Cemetery Administration,Department of Veterans Affairs,5716,RP-26-RMA-13021678-922-DE,https://www.usajobs.gov/job/878154700,applied,2026-07,rule of many
878199000,2026-07-28,2026-08-11,National Gallery of Art,Other Agencies and Independent Organizations,0303,NGA-26-163-DE,https://www.usajobs.gov/job/878199000,negated,2026-07,rule of many
878114700,2026-07-28,2026-08-10,National Gallery of Art,Other Agencies and Independent Organizations,1015,26-NGA-195-DE,https://www.usajobs.gov/job/878114700,negated,2026-07,rule of many
878339900,2026-07-28,2026-08-04,National Labor Relations Board,Other Agencies and Independent Organizations,2210,NL26DH13021539CF,https://www.usajobs.gov/job/878339900,negated,2026-07,rule of many
878341000,2026-07-28,2026-08-04,National Labor Relations Board,Other Agencies and Independent Organizations,2210,NL26DH13022092CF,https://www.usajobs.gov/job/878341000,negated,2026-07,rule of many
878287800,2026-07-28,2026-08-17,"Offices, Boards and Divisions",Department of Justice,0340,DOJ-OVW-26-13020289-DE,https://www.usajobs.gov/job/878287800,applied,2026-07,rule of many
878207600,2026-07-28,2026-08-03,"Treasury, Departmental Offices",Department of the Treasury,0201,26-DO-13014707-P,https://www.usajobs.gov/job/878207600,applied,2026-07,rule of many
878260700,2026-07-28,2026-08-11,U.S. International Trade Commission,Other Agencies and Independent Organizations,2210,DH-26-59-DF,https://www.usajobs.gov/job/878260700,applied,2026-07,rule of many
878211800,2026-07-29,2026-08-17,Federal Highway Administration,Department of Transportation,0810,FHWA.FO-2026-0014,https://www.usajobs.gov/job/878211800,negated,2026-07,rule of many
878341300,2026-07-29,2026-08-26,Federal Highway Administration,Department of Transportation,0810,FHWA.HAD-2026-0007,https://www.usajobs.gov/job/878341300,negated,2026-07,rule of many
878379000,2026-07-29,2026-08-12,National Gallery of Art,Other Agencies and Independent Organizations,0301,NGA-26-211-DE,https://www.usajobs.gov/job/878379000,negated,2026-07,rule of many
878435700,2026-07-29,2026-08-11,Other Agencies and Independent Organizations,Department of Transportation,2101,FTA.R7-2026-0002,https://www.usajobs.gov/job/878435700,negated,2026-07,rule of many
878295600,2026-07-29,2026-08-02,Social Security Administration,Other Agencies and Independent Organizations,0105,SSA-13022093-DHA-26-FO,https://www.usajobs.gov/job/878295600,negated,2026-07,rule of many
878296000,2026-07-29,2026-08-02,Social Security Administration,Other Agencies and Independent Organizations,0105,SSA-13022304-DHA-26-FO,https://www.usajobs.gov/job/878296000,negated,2026-07,rule of many
878345100,2026-07-29,2026-08-04,Social Security Administration,Other Agencies and Independent Organizations,0105,SSA-13022327-DHA-26-FO,https://www.usajobs.gov/job/878345100,negated,2026-07,rule of many
878365800,2026-07-29,2026-08-06,Southwestern Power Administration,Department of Energy,1130,26-SW-00941-13020523-DE,https://www.usajobs.gov/job/878365800,applied,2026-07,rule of many
878213700,2026-07-29,2026-08-07,Western Area Power Administration,Department of Energy,5803,26-WJ-00978-1321147-DE,https://www.usajobs.gov/job/878213700,applied,2026-07,rule of many
878473900,2026-07-30,2026-08-12,Bureau of the Fiscal Service,Department of the Treasury,0343,26-FS-13019586-P,https://www.usajobs.gov/job/878473900,applied,2026-07,rule of many
878677100,2026-07-30,2026-08-07,Equal Employment Opportunity Commission,Other Agencies and Independent Organizations,0301,DE-13022917-26-MG,https://www.usajobs.gov/job/878677100,applied,2026-07,rule of many
878423900,2026-07-30,2026-08-20,National Gallery of Art,Other Agencies and Independent Organizations,1016,NGA-26-214-DE,https://www.usajobs.gov/job/878423900,negated,2026-07,rule of many
878610100,2026-07-30,2026-08-10,National Highway Traffic Safety Administration,Department of Transportation,0801,NHTSA.NRM-2026-0008,https://www.usajobs.gov/job/878610100,negated,2026-07,rule of many
878723300,2026-07-30,2026-08-10,National Labor Relations Board,Other Agencies and Independent Organizations,0905,NL26EX13021333CF,https://www.usajobs.gov/job/878723300,applied,2026-07,rule of many
878397800,2026-07-30,2026-08-13,Social Security Administration,Other Agencies and Independent Organizations,2210,SSA-13021462-26-DHA-CIO,https://www.usajobs.gov/job/878397800,negated,2026-07,rule of many
878573400,2026-07-30,2027-01-30,Social Security Administration,Other Agencies and Independent Organizations,2210,SSA-13019337-26-DHA-CIO,https://www.usajobs.gov/job/878573400,negated,2026-07,rule of many
878836400,2026-07-31,2026-08-10,Equal Employment Opportunity Commission,Other Agencies and Independent Organizations,0962,DE-13023322-26-MG,https://www.usajobs.gov/job/878836400,applied,2026-07,rule of many
878792800,2026-07-31,2026-08-13,Federal Transit Administration,Department of Transportation,0020,FTA.TPE-2026-0003,https://www.usajobs.gov/job/878792800,negated,2026-07,rule of many
878763900,2026-07-31,2026-08-13,Maritime Administration,Department of Transportation,1109,MARAD.HQ-2026-0025,https://www.usajobs.gov/job/878763900,negated,2026-07,rule of many
878870700,2026-07-31,2026-08-14,Office of the Comptroller of the Currency,Department of the Treasury,0570,EXT-CA-26-5532-13023434,https://www.usajobs.gov/job/878870700,applied,2026-07,rule of many
878844000,2026-07-31,2026-08-14,Office of the Comptroller of the Currency,Department of the Treasury,0570,EXT-MT-26-5530-13021658,https://www.usajobs.gov/job/878844000,applied,2026-07,rule of many
878709100,2026-07-31,2026-08-10,Office of the Secretary of Transportation,Department of Transportation,0028,OST.DH-2026-0001,https://www.usajobs.gov/job/878709100,negated,2026-07,rule of many
878763600,2026-07-31,2026-08-07,Social Security Administration,Other Agencies and Independent Organizations,0602,SSA-13025138-26-DHA-HR,https://www.usajobs.gov/job/878763600,negated,2026-07,rule of many
878779900,2026-08-03,2026-08-17,National Gallery of Art,Other Agencies and Independent Organizations,1101,NGA-26-059R-DE,https://www.usajobs.gov/job/878779900,negated,2026-08,rule of many
878846800,2026-08-03,2026-08-07,Social Security Administration,Other Agencies and Independent Organizations,0105,SSA-13023945-26-RQ DHA,https://www.usajobs.gov/job/878846800,negated,2026-08,rule of many
879199100,2026-08-04,2026-08-18,Federal Communications Commission,Other Agencies and Independent Organizations,0511,DEU-OIG-2026-007,https://www.usajobs.gov/job/879199100,applied,2026-08,rule of many
878987900,2026-08-04,2026-08-11,National Cemetery Administration,Department of Veterans Affairs,5823,RP-26-RMA-13026932-888-DE,https://www.usajobs.gov/job/878987900,applied,2026-08,rule of many
879184100,2026-08-04,2026-08-18,Other Agencies and Independent Organizations,Court Services and Offender Supervision Agency for DC,0101,OLIPA-26-13028226-VW-DE,https://www.usajobs.gov/job/879184100,negated,2026-08,rule of many
879176300,2026-08-04,2026-08-18,Western Area Power Administration,Department of Energy,0855 | 0850,26-WA-00527-13024581-DE,https://www.usajobs.gov/job/879176300,applied,2026-08,rule of many
879340600,2026-08-05,2026-08-12,Equal Employment Opportunity Commission,Other Agencies and Independent Organizations,0301,DE-13006681-26-FRB,https://www.usajobs.gov/job/879340600,applied,2026-08,rule of many
879350600,2026-08-05,2026-08-19,Equal Employment Opportunity Commission,Other Agencies and Independent Organizations,1035,DE-13024952-26-FRB,https://www.usajobs.gov/job/879350600,applied,2026-08,rule of many
879311200,2026-08-05,2026-08-14,Federal Highway Administration,Department of Transportation,0340,FHWA.WFL-2026-0009,https://www.usajobs.gov/job/879311200,negated,2026-08,rule of many
879318600,2026-08-05,2026-08-18,Federal Highway Administration,Department of Transportation,0501,FHWA.DH-2026-0010,https://www.usajobs.gov/job/879318600,negated,2026-08,rule of many
879475100,2026-08-05,2026-08-10,National Labor Relations Board,Other Agencies and Independent Organizations,0343,NL26DE13029401ZA,https://www.usajobs.gov/job/879475100,applied,2026-08,rule of many
879473900,2026-08-05,2026-08-10,National Labor Relations Board,Other Agencies and Independent Organizations,1102,NL26DH13027705ZA,https://www.usajobs.gov/job/879473900,negated,2026-08,rule of many
879317200,2026-08-05,2026-08-13,Other Agencies and Independent Organizations,Department of State,0080,M/DS-DEU-2026-0003,https://www.usajobs.gov/job/879317200,applied,2026-08,named mechanism
879287900,2026-08-05,2026-08-17,Other Agencies and Independent Organizations,Department of Energy,2210,26-SE-00965-13020979-DE,https://www.usajobs.gov/job/879287900,applied,2026-08,rule of many
879379200,2026-08-05,2026-08-14,Western Area Power Administration,Department of Energy,0850,26-WN-01008-123028696-DE,https://www.usajobs.gov/job/879379200,applied,2026-08,rule of many
879358500,2026-08-06,2026-08-12,Bureau of the Fiscal Service,Department of the Treasury,0343,26-FS-13025592-P,https://www.usajobs.gov/job/879358500,applied,2026-08,rule of many
879407800,2026-08-06,2026-08-12,Bureau of the Fiscal Service,Department of the Treasury,0511,26-FS-13022335-P,https://www.usajobs.gov/job/879407800,applied,2026-08,rule of many
879389000,2026-08-06,2026-08-12,Internal Revenue Service,Department of the Treasury,0301,CCLO-26-13007099-DE,https://www.usajobs.gov/job/879389000,applied,2026-08,rule of many
879483000,2026-08-06,2026-08-20,Western Area Power Administration,Department of Energy,0510,26-WA-00979-13021329-DE,https://www.usajobs.gov/job/879483000,applied,2026-08,rule of many
879401000,2026-08-07,2026-08-21,Bureau of Engraving and Printing,Department of the Treasury,1101,26-BEP-13026069-P,https://www.usajobs.gov/job/879401000,applied,2026-08,rule of many
879719300,2026-08-07,2026-08-13,Bureau of Industry and Security,Department of Commerce,2210,BIS-OCIO-DE-26-13030103,https://www.usajobs.gov/job/879719300,applied,2026-08,rule of many
879719600,2026-08-07,2026-08-13,Bureau of Industry and Security,Department of Commerce,2210,BIS-OCIO-DE-26-13030101,https://www.usajobs.gov/job/879719600,applied,2026-08,rule of many
879686100,2026-08-07,2026-08-17,Federal Highway Administration,Department of Transportation,0340,FHWA.DH-2026-0008,https://www.usajobs.gov/job/879686100,negated,2026-08,rule of many
879581700,2026-08-07,2026-08-21,Federal Highway Administration,Department of Transportation,0810,FHWA.FO-2026-0015,https://www.usajobs.gov/job/879581700,negated,2026-08,rule of many
879769300,2026-08-07,2026-08-26,Federal Highway Administration,Department of Transportation,0810,FHWA.DH-2026-0011,https://www.usajobs.gov/job/879769300,negated,2026-08,rule of many
879821000,2026-08-07,2026-08-14,"Offices, Boards and Divisions",Department of Justice,0341,26-FRD-JS-026,https://www.usajobs.gov/job/879821000,applied,2026-08,rule of many
879649800,2026-08-07,2026-08-21,U.S. Census Bureau,Department of Commerce,1550,26-HRD-13027320-DE-JLW,https://www.usajobs.gov/job/879649800,applied,2026-08,rule of many
879866800,2026-08-09,2026-09-30,Bureau of Prisons/Federal Prison System,Department of Justice,0060,CHAP-2026-0004,https://www.usajobs.gov/job/879866800,applied,2026-08,rule of many
879869400,2026-08-10,2026-08-21,Development Finance Corporation,Other Agencies and Independent Organizations,1101,26-OHA-DE-13030138-AQ,https://www.usajobs.gov/job/879869400,applied,2026-08,rule of many
879869900,2026-08-10,2026-08-21,Development Finance Corporation,Other Agencies and Independent Organizations,1101,26-OGBD-DE-13029177-AQ,https://www.usajobs.gov/job/879869900,applied,2026-08,rule of many
879936600,2026-08-10,2026-08-14,Federal Emergency Management Agency,Department of Homeland Security,0089,FEMA-AC-13032205-DE,https://www.usajobs.gov/job/879936600,applied,2026-08,rule of many
879845700,2026-08-10,2026-08-24,Federal Highway Administration,Department of Transportation,0810,FHWA.FO-2026-0016,https://www.usajobs.gov/job/879845700,negated,2026-08,rule of many
879989700,2026-08-10,2026-08-17,"Offices, Boards and Divisions",Department of Justice,0901,DOJ-FRD-26-13030294-RG,https://www.usajobs.gov/job/879989700,applied,2026-08,rule of many
879757900,2026-08-10,2026-08-14,Other Agencies and Independent Organizations,Department of Energy,0511,26-IG-13030322-DE-KP,https://www.usajobs.gov/job/879757900,applied,2026-08,rule of many
880086200,2026-08-11,2026-08-19,Equal Employment Opportunity Commission,Other Agencies and Independent Organizations,1040,DE-13024374-26-SM,https://www.usajobs.gov/job/880086200,applied,2026-08,rule of many
880123800,2026-08-11,2026-08-24,Federal Motor Carrier Safety Administration,Department of Transportation,0340,FMCSA.S-2026-0008,https://www.usajobs.gov/job/880123800,negated,2026-08,rule of many
880031100,2026-08-11,2026-08-25,Other Agencies and Independent Organizations,National Foundation on the Arts and the Humanities,1109,DE-13014136-26-AH,https://www.usajobs.gov/job/880031100,applied,2026-08,rule of many
880092200,2026-08-11,2026-08-24,Pipeline and Hazardous Materials Safety Administration,Department of Transportation,0801,PHMSA.PSRG-2026-0019,https://www.usajobs.gov/job/880092200,negated,2026-08,rule of many
880125200,2026-08-11,2026-08-20,Southwestern Power Administration,Department of Energy,4741,26-SW-01039-13032471-DE,https://www.usajobs.gov/job/880125200,applied,2026-08,rule of many
880104400,2026-08-12,2026-08-25,Federal Motor Carrier Safety Administration,Department of Transportation,0340,FMCSA.S-2026-0008,https://www.usajobs.gov/job/880104400,negated,2026-08,rule of many
879929500,2026-08-13,2026-08-19,Bureau of the Fiscal Service,Department of the Treasury,0501,26-FS-13025422-P,https://www.usajobs.gov/job/879929500,applied,2026-08,rule of many
880406600,2026-08-13,2026-08-20,Equal Employment Opportunity Commission,Other Agencies and Independent Organizations,1860,DE-13034218-26-FRB,https://www.usajobs.gov/job/880406600,applied,2026-08,rule of many
880408400,2026-08-13,2026-08-20,Equal Employment Opportunity Commission,Other Agencies and Independent Organizations,0510,DE-13030681-26-MC,https://www.usajobs.gov/job/880408400,applied,2026-08,rule of many
880494300,2026-08-13,2026-08-24,Federal Emergency Management Agency,Department of Homeland Security,0089,FEMA-KR-13034745-DE,https://www.usajobs.gov/job/880494300,applied,2026-08,named mechanism
880497700,2026-08-13,2026-08-24,Federal Emergency Management Agency,Department of Homeland Security,0089,FEMA-KR-13035485-DE,https://www.usajobs.gov/job/880497700,applied,2026-08,named mechanism
880385400,2026-08-13,2026-08-27,Federal Motor Carrier Safety Administration,Department of Transportation,0340,FMCSA.S-2026-0011,https://www.usajobs.gov/job/880385400,negated,2026-08,rule of many
880242000,2026-08-13,2026-08-27,Federal Transit Administration,Department of Transportation,2101,FTA.RO-2026-0015,https://www.usajobs.gov/job/880242000,negated,2026-08,rule of many
880303500,2026-08-13,2026-08-27,Social Security Administration,Other Agencies and Independent Organizations,2210,SSA-13032439-26-DHA-CIO,https://www.usajobs.gov/job/880303500,negated,2026-08,rule of many
880348100,2026-08-13,2026-08-24,Western Area Power Administration,Department of Energy,0855,26-WB-01094-13035088-DE,https://www.usajobs.gov/job/880348100,applied,2026-08,rule of many
880524700,2026-08-14,2026-08-27,Bureau of Engraving and Printing,Department of the Treasury,0028,26-BEP-13030801-P,https://www.usajobs.gov/job/880524700,applied,2026-08,rule of many
880598000,2026-08-14,2026-09-04,Development Finance Corporation,Other Agencies and Independent Organizations,1101,26-OE-DE-13034889-AQ,https://www.usajobs.gov/job/880598000,applied,2026-08,rule of many
880505600,2026-08-14,2026-08-20,National Institute of Standards and Technology,Department of Commerce,1150,MEPP-482-26-13034026-DE,https://www.usajobs.gov/job/880505600,applied,2026-08,rule of many
880343900,2026-08-14,2026-08-21,Social Security Administration,Other Agencies and Independent Organizations,2210,SSA-13020506-26-DHA-CIO,https://www.usajobs.gov/job/880343900,negated,2026-08,rule of many
880840800,2026-08-17,2026-08-28,Federal Highway Administration,Department of Transportation,0340,FHWA.DH-2026-0013,https://www.usajobs.gov/job/880840800,negated,2026-08,rule of many
880802300,2026-08-17,2026-08-21,National Gallery of Art,Other Agencies and Independent Organizations,1016,NGA-26-212-DE,https://www.usajobs.gov/job/880802300,negated,2026-08,rule of many
880826800,2026-08-17,2026-08-31,National Gallery of Art,Other Agencies and Independent Organizations,0830,NGA-26-111R-DE,https://www.usajobs.gov/job/880826800,negated,2026-08,rule of many
880855900,2026-08-17,2026-08-28,Western Area Power Administration,Department of Energy,0850,26-WB-00999-13025099-DE,https://www.usajobs.gov/job/880855900,applied,2026-08,rule of many
880717600,2026-08-18,2026-08-24,Bureau of the Fiscal Service,Department of the Treasury,0501,26-FS-13032954-P,https://www.usajobs.gov/job/880717600,applied,2026-08,rule of many
880973300,2026-08-18,2026-08-26,Bureau of the Fiscal Service,Department of the Treasury,0301,26-FS-13024915-P,https://www.usajobs.gov/job/880973300,applied,2026-08,rule of many
880977200,2026-08-18,2026-08-31,Bureau of the Fiscal Service,Department of the Treasury,1805,26-FS-13031035-P,https://www.usajobs.gov/job/880977200,applied,2026-08,rule of many
880990000,2026-08-18,2026-08-28,Consumer Product Safety Commission,Other Agencies and Independent Organizations,1109,2730FMPS-26-20261069341-A,https://www.usajobs.gov/job/880990000,applied,2026-08,named mechanism
881087400,2026-08-18,2026-09-01,National Gallery of Art,Other Agencies and Independent Organizations,3605,NGA-26-126-DE,https://www.usajobs.gov/job/881087400,negated,2026-08,rule of many
881157800,2026-08-18,2026-08-21,National Labor Relations Board,Other Agencies and Independent Organizations,0341,NL26DE13041139DE,https://www.usajobs.gov/job/881157800,applied,2026-08,rule of many
881158200,2026-08-18,2026-08-21,National Labor Relations Board,Other Agencies and Independent Organizations,0301,NL26DE13042160DE,https://www.usajobs.gov/job/881158200,applied,2026-08,rule of many
880967000,2026-08-18,2026-08-25,U.S. Census Bureau,Department of Commerce,0150,26-HRD-12877135-RG-JLW,https://www.usajobs.gov/job/880967000,applied,2026-08,rule of many
880926200,2026-08-18,2026-08-28,Western Area Power Administration,Department of Energy,0855 | 0850,26-WJ-00026507-13029842-DE,https://www.usajobs.gov/job/880926200,applied,2026-08,rule of many
881077900,2026-08-19,2026-09-02,Export-Import Bank of the United States,Other Agencies and Independent Organizations,1165,D26-MJ-13025980-OBAF,https://www.usajobs.gov/job/881077900,applied,2026-08,rule of many
881078700,2026-08-19,2026-09-02,Export-Import Bank of the United States,Other Agencies and Independent Organizations,1165,M26-MJ-13025984-OBAF,https://www.usajobs.gov/job/881078700,applied,2026-08,rule of many
880505800,2026-08-19,2026-09-02,Federal Emergency Management Agency,Department of Homeland Security,0080,FEMA-KR-13035943-DE,https://www.usajobs.gov/job/880505800,applied,2026-08,rule of many
881106100,2026-08-19,2026-08-26,National Science Foundation,Other Agencies and Independent Organizations,1102,CFO-26-13019788,https://www.usajobs.gov/job/881106100,negated,2026-08,rule of many
